date,title,link,content
2023-11-08 11:32:08,택시 '보이스피싱 검거 일등공신'…범인 검거 잇따라,https://n.news.naver.com/mnews/article/003/0012195818?sid=102,"[




[제천=뉴시스] 이도근 기자 = 택시기사의 기지와 경찰의 침착한 대응으로 전화금융사기(보이스피싱) 피해를 잇따라 막아내 화제다.충북 제천경찰서에 따르면 보이스피싱 현금수거책 A(여·48)씨는 지난달 23일 오후 2시30분께 제천시 장락동 한 공원 주차장에서 피해자 B(51)씨를 만나 현금 1450만원을 받아 가로챈 뒤 택시를 타고 대전으로 달아나려다 검거됐다.택시가 이미 고속도로로 나간 상황에서 경찰은 콜센터를 통해 택시기사와 연락, A씨가 보이스피싱 피의자임을 알렸다. 이어 택시기사를 통해 ""지금 자수하면 더 큰 범죄를 막을 수 있다""고 A씨를 설득했다. 택시기사와 경찰의 설득에 A씨는 결국 자수를 결심했다. 경찰은 A씨를 사기(방조) 혐의로 붙잡아 검찰에 불구속 송치했다.택시기사의 기지로 보이스피싱 피해를 예방한 것은 이 뿐만이 아니다.경찰은 앞서 보이스피싱으로 가로챈 돈을 총책에게 넘기려 한 C(28)씨도 사기 혐의로 붙잡아 불구속 기소의견으로 송치했다.C씨의 조직은 금융기관 직원 행세를 하며 '일시 상환하면 금리가 낮은 대출상품으로 바꿔주겠다'는 방식으로 보이스피싱을 한 것으로 조사됐다.이에 속은 피해자 D(여·53)씨로부터 제천시 하소동 도로에서 현금 1000만원을 가로채 총책에게 넘기려던 C씨는 경찰과 택시기사의 기지로 검거됐다.경찰은 현장에 설치된 방범용 CC(폐쇄회로)TV를 검색해 C씨가 탄 택시를 확인하고, 택시기사와 연락해 고속도로 휴게소에서 C씨를 검거했다.이 과정에서 택시기사의 기지가 빛났다.경찰의 요청을 받은 택시기사는 ""LPG가스를 넣겠다"", ""차량이 이상하다. 고장난 것 같다""며 시간을 끌었고, 긴급 출동한 고속도로순찰대는 영동고속도로 한 휴게소에서 C씨를 붙잡았다.경찰 관계자는 ""보이스피싱 수거책들이 추적을 피하기 위해 주로 택시를 이용하는 점에 착안해 택시를 확인하는데 수사력을 집중했다""며 ""그 결과 빠른 시간 내 피의자들을 검거하고, 피해금도 모두 되찾을 수 있었다""고 설명했다．
]"
2023-11-09 12:28:16,"광주 광산경찰, 보이스피싱 피해 예방 은행원에 감사장",https://n.news.naver.com/mnews/article/421/0007165022?sid=102,"[




9일 오전 강일원 광주 광산경찰서장(가운데)이 보이스피싱 피해 예방 은행원에게 감사장을 수여한 뒤 기념사진을 찍고 있다. (광주 광산경찰 제공) 2023.11.9/뉴스1(광주=뉴스1) 이승현 기자 = 광주 광산경찰서는 9일 보이스피싱 피해를 예방한 은행원에게 감사장을 수여했다. 은행원 A씨는 지난 1일 오후 3시57분쯤 피해자가 은행에서 2850만원을 인출하는 것을 수상히 여겨 경찰에 보이스피싱 신고를 했다. 피해자는 이른바 저금리 대환대출에 속아 현금을 인출하려했던 것으로 나타났다.강일원 광산경찰서장은 ""금융기관 종사자의 신고로 피해를 막을 수 있었다""고 말했다.
		]"
2023-11-08 12:25:20,보이스피싱 관련 전화 상담하는 직원,https://n.news.naver.com/mnews/article/001/0014316833?sid=102,"[




    (서울=연합뉴스) 신현우 기자 = 8일 서울 종로구 범정부 합동 전기통신금융사기 통합신고대응센터에서 직원이 전화 상담을 하고 있다.    보이스피싱 피해 시 112에 신고 전화를 하면 사건 접수부터 악성 애플리케이션(앱) 차단과 지급정지 등 후속 피해구제 절차가 자동으로 이뤄진다. 2023.11.8    nowwego@yna.co.kr
]"
2023-11-08 17:55:01,"""보이스피싱 신고는 112""…통합신고센터 하루 1000건 상담 '구슬땀'",https://n.news.naver.com/mnews/article/018/0005615264?sid=102,"[
8일 112 보이스피싱 통합신고대응센터 가보니개소 후 4만건 넘는 신고상담…26명 근무신속한 데이터화로 범죄예방 활용도 기대[이데일리 손의연 기자] “전형적인 보이스 피싱 수법입니다. 조치를 안내해드릴게요.”



8일 서울 종로구 경찰청교육장에 마련된 전기통신금융사기 통합신고대응센터에서 관계자들이 업무를 보고 있다. 지난 9월 국무조정실, 금융위원회, 경찰청, 방송통신위원회, 과학기술정보통신부, 금융감독원 등이 합동 개설한 전기통신금융사기 통합신고대응센터는 한 번의 신고로 사건처리와 피해구제까지 원스톱으로 처리한다. (사진=뉴스1)8일 오전 서울시 종로구에 위치한 전기통신금융사기(보이스피싱) 통합신고대응센터를 찾았다. 긴박한 목소리의 신고 전화가 빗발치는 가운데 상담원들은 차분하게 신고를 접수하고 대응 절차를 안내하는 모습이었다. 사무실 내 설치된 모니터는 신고 현황을 실시간으로 업데이트해 보여주고 있었다.앞서 경찰청과 방송통신위원회 등 관계부처와 금융감독원, 한국인터넷진흥원 등 유관기관, 통신 3사 등은 보이스피싱 범죄에 대응하는 통합신고대응센터를 개설했다. 기존 보이스피싱 피해 신고는 경찰, 금융감독원, KISA 등으로 나뉘어 있어 절차가 번거로웠는데 시민의 불편함을 해소하고자 신고를 일원화한 것이다.센터는 보이스피싱 신고부터 피해구제까지 모든 절차를 담당하고 있다. 이곳엔 경찰관 11명과 임기제 공무원 8명, 금감원 직원 3명과 KISA 직원 3명, 방통위 직원 1명 등 총 26명이 합동근무하고 있다. 통신 3사 직원 6명도 상주하며 유기적인 대응을 지원한다. 보이스피싱 피해 신고가 센터로 인계되면 상담원이 △피해구제 △범행수단 차단 △추가 예방 등을 상세히 설명한다.센터가 개소한 지난달 4일부터 현재까지 접수된 보이스피싱 신고·상담 건수는 4만152건에 달한다. 하루 평균 1000건 이상 상담이 들어오고 있으며, 직원 1인당 하루 70여 건의 상담을 처리한다.경찰 관계자는 “후속상담이 늘어나고, 센터가 알려지면서 상담건수는 계속 증가할 것으로 예상된다”며 “이에 따라 포기 건수를 줄이기 위해 상담시간을 줄이기 위한 형식적인 상담이 이뤄질 수도 있어 적절한 인력, 시간 유지가 필요할 것”이라고 짚었다.센터로 보이스피싱 신고를 일원화하면서 보이스피싱 범죄를 신속하게 데이터화해 분석할 수 있게 됐다. 경찰은 수집된 데이터를 유관기관에 공유해 범죄예방에 활용할 수 있을 것으로 기대하고 있다.신고창구를 일원화한 이후(9월 18일~10월 27일) 보이스피싱 신고·제보 건수는 2만1540건으로, 같은 기간 피해 사건(1543건)의 14배에 달했다. 경찰은 최소 14배 이상의 미수 범죄가 존재하는 것으로 파악하고 있다. 죄종 별로는 보이스피싱이 34%로 가장 많았고, 미끼문자가 25%, 단순상담이 21% 순이었다. 발생유형 별로는 기관사칭과 금융기관 사칭형이 66%로 가장 비중이 높았고, 스미싱이 19%로 뒤를 이었다.경찰은 신고를 통해 신종 유형의 범죄도 찾아내고 있다. 경찰은 센터 내 전화상담 시스템에 ‘신종사기’코드를 추가해 새롭게 등장하는 수법과 미끼 단어를 관리해 상담 및 분석에 활용할 방침이다.경찰 관계자는 “기존 통상 한 달에 한 번 정도 보이스피싱을 분석한 보도자료가 나왔다면, 지금은 매일 데이터를 받아볼 수 있는 것”이라며 “분기별 1회 또는 수시로 최신 유행 수법과 신변종 수법 등을 분석해 예·경보를 발령하는 것을 추진 중”이라고 설명했다.
]"
2023-11-09 11:00:00,'보이스피싱 일망타진' 수사팀 등 특별승진 추천 대상 선정,https://n.news.naver.com/mnews/article/277/0005338343?sid=102,"[
사상 최초 경정·팀 특진 5개 팀 20명 선발경찰이 1800여명의 피해자로부터 1500억원을 뜯어낸 보이스피싱 조직을 일망타진한 수사팀을 비롯해 모두 5개 팀을 특별승진 추천 대상자로 선발했다.



경찰청 국가수사본부는 8일 경정·팀 특진 심사위원회를 열고 5개 팀 20명을 특진 추천 대상자로 선정했다. [사진제공=경찰청]9일 경찰청 국가수사본부는 전날 열린 경정·팀 특진 심사위원회에서 대전 유성경찰서 곽제준 경감을 경정 특진 추천 대상자로 선발하는 등 5개 팀 20명을 특진 추천 대상자로 선정했다고 밝혔다. 경정·팀 단위 특진이 이뤄지는 것은 이번이 경찰 역사상 처음이다.그간 경찰청은 국민 눈높이에 맞는 수사 품질을 갖추기 위해 개별 수사관 한 명의 수사가 아닌 팀 전체의 수사로 전환하고, 수사역량과 의지가 검증된 팀장이 팀원들과 함께 합심해 역량을 발휘하는 ‘팀장 중심 수사 체계’를 구축하기 위해 노력해 왔다.이번 특진 심사위원회는 전국 시·도경찰청의 추천을 받아 국가수사본부 각 국·관별 심사를 거쳐 선발된 총 16개 수사팀을 대상으로 열렸다. 경찰청·시도경찰청·경찰서 등 60여명의 참관단이 지켜보는 가운데 기존의 통상적인 심사위원회 방식이 아닌 팀장이 각 팀의 공적을 PPT, 동영상 등으로 직접 발표하는 경진대회 방식으로 진행됐다.우종수 국가수사본부장이 직접 심사위원장을 맡고, 법조인·교수·언론인 등 외부위원이 포함된 심사위원회는 심사를 거쳐 공적이 우수한 5개 팀을 선발했다. 그 결과 경정 특진자 3명을 포함해 총 20명(경정 3·경감 4·경위 6·경사 6·경장 1명)을 특진 추천 대상으로 선정했다.2017년 12월부터 지난 4월까지 검찰과 금융감독원 직원 등을 사칭하며 5439건의 보이스피싱 범죄를 저지르고 1891명으로부터 1500억원을 가로챈 콜센터 조직원 44명을 검거하고, 이 가운데 12명을 구속한 충남경찰청 반부패·경제범죄수사대 6팀 안정엽 경위(팀장) 등 팀원 4명이 특진 추천 대상자로 선정됐다.이외에도 경기 의정부경찰서 교통과 교통조사1팀, 경기 안산단원경찰서 여성청소년과 여청수사1팀, 부산 동래경찰서 형사과 강력범죄수사1팀, 대전 유성경찰서 수사과 사이버범죄수사팀 등이 특진 추천 대상자로 선정됐다.윤희근 경찰청장은 조만간 가족과 동료들이 참석한 가운데 경정 특진·팀 특진 대상자에 대해 임용식을 개최할 예정이다.
]"
2023-11-09 11:32:09,"경찰, 사상 첫 전원특진팀 선정...‘피해액 1500억’ 보이스피싱 조직 소탕",https://n.news.naver.com/mnews/article/016/0002222426?sid=102,"[
충남경찰청 반부패수사대 6팀총 5팀 20명 특별승진 선발돼



경찰 역사상 처음으로 전원 특진을 한 5팀 중 하나인 충남경찰청 반부패수사대 6팀. 왼쪽부터 최석용 경장, 김현준 경장, 팀장인 안정엽 경위, 송해림 경장, 박소연 경사 [경찰청 제공]“20개월 간 추적 끝에 중국 항저우에서 전화금융사기(보이스피싱) 조직을 검거했죠. 7년 동안 이 조직이 뜯어낸 돈만 1490억원이었습니다.”9일 경찰청 국가수사본부는 전날 경정·팀 특진 심사위원회를 열고 경찰 역사상 처음으로 팀 전원 특진 대상자를 선발했다.선발된 팀은 충남경찰청 반부패수사대 6팀을 비롯해 대전경찰청 유성서 사이버팀, 부산경찰청 동래서 강력 1팀, 경기남부청 안산대원서 여청수사1팀, 경기북부청 의정부서 교통조사1팀으로, 총 20명이 특별선발됐다.이 중 충남청 반부패수사대 6팀은 보이스피싱 피해액 중 역대 최대 규모인 1490억원을 가로챈 보이스피싱 일당을 소탕한 피싱 전문 수사팀이다. 해당 일당의 피해자는 통 1887명으로, 경찰은 조직원 41명을 검거하고 12명을 구속했다.특진대상 팀은 보이스피싱 범인을 제대로 찾기 위해 2017년부터 보이스피싱 음성파일을 주기적으로 확보 후 피싱 목소리 데이터베이스(DB)를 구축했다. 그리고 성문분석을 실시함으로써 조직 특정 및 여죄수사에 결정적으로 활용했다.이번 특진대상 심사는 국가수사본부장이 직접 위원장을 맡고, 법조인·교수 등 외부위원이 참가했다. 경찰청 관계자는 “단 건이 아닌 일정 기간의 누적된 공적을 기본으로 중요도와 난이도, 기여도 등을 종합적으로 평가했다” 고 총평했다. 김빛나 기자
]"
2023-11-09 14:25:02,보이스피싱 당한 고객 돈 지켜준 제주 남문농협 직원,https://n.news.naver.com/mnews/article/001/0014320247?sid=101,"[




제주 남문농협 이유빈 계장[농협제주본부 제공. 재판매 및 DB 금지]    (제주=연합뉴스) 김호천 기자 = NH농협은행 직원이 기민한 대처로 보이스피싱 당한 고객의 재산을 지켜줬다.    9일 NH농협은행 제주본부에 따르면 제주시 남문지점 이유빈(28) 계장은 7일 한 지점을 찾아온 고객으로부터 공인인증서 발급 및 인터넷뱅킹 이체 한도를 높여달라는 다급한 요청을 받았다.    횡설수설하는 모습을 이상히 여긴 이 계장은 업무 진행을 위해 휴대전화를 보여달라고 한 뒤 휴대전화에 저축은행을 빙자한 악성 애플리케이션이 설치된 것을 확인했다.    이어 고객으로부터 '유선 전화 통화 후 발송된 문자 링크를 통해 설치했다'는 말을 듣고, 보이스피싱임을 확신해 최근 농협에서 시행한 '112 신고 자동화 시스템'을 통해 신고했다.    이 계장이 시간을 끄는 사이에 경찰들이 찾아와 고객에게 상황 설명을 하고, 악성 앱을 지운 뒤 집으로 돌아가도록 조치했다.    경찰 조사 결과 해당 고객은 아주 저렴한 이자로 대환 대출을 해주고 신용을 회복시켜 추가 대출도 해주겠다는 내용의 전화를 받고, 1천100만원을 이체하려고 했던 것으로 파악됐다.    112 신고 자동화 시스템은 사기 피해자 의심 고객이 찾아왔을 때 직접 112로 전화 신고를 하는 대신 컴퓨터 금융업무시스템에 신고 내용과 금융 점포의 위·경도 좌표 등 표준화된 형식으로 경찰에 신고하는 것이다.    khc@yna.co.kr
]"
2023-11-08 18:36:50,적극행정 우수사례 대상에 '보이스피싱 음성분석모델' 등 6건(종합),https://n.news.naver.com/mnews/article/001/0014318149?sid=102,"[
최우수상은 경찰청 '스마트폰 지문식별 시스템 개발' 등 11건



2022 적극행정 우수사례 경진대회(서울=연합뉴스) 24일 오후 정부세종청사에서 개최된 '2022 적극행정 우수사례 경진대회' 시상식에서 수상자들이 기념 촬영하고 있다. 2022.11.24 [개인정보보호위원회 제공. 재판매 및 DB 금지] photo@yna.co.kr(서울=연합뉴스) 김은경 기자 = 보이스피싱 용의자들의 목소리를 분석해 수사에 기여하는 행정안전부의 '보이스피싱 음성분석 모델' 등이 올해 적극행정 우수사례 대상을 받았다.    행정안전부와 인사혁신처는 8일 '2023 적극행정 우수사례 경진대회' 본선 심사 및 시상식을 개최했다.    이번 대회에서는 중앙, 지자체, 공공기관, 지방공사·공단 등 289개 기관에서 제출한 570여 건의 사례 중 17건이 본선에 진출했다.     최종 순위는 국민심사단의 사전 현장심사(30%)와 전문가 심사(50%), 국민투표단의 실시간 온라인 투표(20%) 점수를 합산해 결정됐다.    공개모집을 통해 선발된 400여 명의 국민투표단과 현장에 참석한 10명의 전문가는 인사처TV로 실시간 중계되는 발표 영상을 본 뒤 각각 투표와 심사를 해 대상과 최우수상을 선정했다.    대상은 행안부 '보이스피싱 음성분석 모델'과 경기교통공사의 '규제특례를 통한 신교통수단 적극 도입' 등 6건이 차지했다.    최우수상은 경찰청의 '스마트폰 지문식별 시스템 개발' 등 11건이 받았다.    이번 대회는 국민이 참여해 적극행정 사례를 선정하는 방식으로 진행돼 의미를 더했다.    본선에 진출하지 못했지만 우수 행정으로 꼽힌 우수상은 ▲ 버스승강장 정차안전장치 시스템 구축(경기도 의정부시) ▲ 농촌지역 맞춤형 대중교통 모델 제시(전북 완주군) ▲ 복지 사각지대 위기가구를 우체국 집배원이 발굴(과기부·부산 영도구) 등 총 39건이 받았다.    한편 이번 경진대회에는 적극행정을 추진했지만 아쉽게 성과를 내지 못한 지역아동센터 석면환경 개선사업(한국환경공단) 등 '모범 실패사례'도 3건 선정됐다.    이날 최종 입상한 사례들은 사례집, 카드뉴스 등 다양한 방식의 교육·홍보 콘텐츠로 제작돼 활용될 예정이다.     bookmania@yna.co.kr
]"
2023-11-05 09:01:14,5년간 108억 뜯은 보이스피싱 '민준파' 총책. 징역 35년,https://n.news.naver.com/mnews/article/003/0012188926?sid=102,"[
20억원 추징…부총책도 징역 27년 선고보이스피싱 사건 중 역대 최장기형 해당금융기관 사칭 저금리 대출 미끼로 범행대포계좌로 편취금 받은 후 환전상 거쳐



[서울=뉴시스] 필리핀에 거점을 두고 활동하며 500여명으로부터 100억원 이상을 뜯어낸 대규모 보이스피싱 조직 '민준파' 총책이 1심에서 징역 35년형을 선고받았다. 사진은 경찰청이 지난해 10월20일 인천 중구 인천국제공항을 통해 민준파 총책 30대 A씨와 부총책 B씨를 강제 송환하고 있는 모습. (사진=경찰청 제공) 2022.10.20. photo@newsis.com *재판매 및 DB 금지[서울=뉴시스]박광온 기자 = 필리핀에 거점을 두고 활동하며 500여명으로부터 100억원 이상을 뜯어낸 대규모 보이스피싱 조직 총책이 1심에서 징역 35년을 선고받았다. 이는 보이스피싱 사건 중 역대 최장기형에 해당한다.5일 법조계에 따르면, 서울동부지법 형사11부(부장판사 김병철)는 지난 3일 특정경제범죄가중처벌법 위반(사기), 범죄수익은닉규제법 위반 혐의로 기소된 총책 A(37)씨에게 징역 35년을 선고하고 20억원 추징을 명령했다. 아울러 부총책인 B(31)씨에게도 징역 27년과 추징금 3억원을 내렸다.이들은 지난 2017년 12월부터 2021년 12월까지 저금리 대환대출을 해주겠다는 식으로 속여 피해자 560명에게서 총 108억여원을 편취한 혐의를 받는다. 검찰 공소 사실에 따르면, A씨는 필리핀 내 기존 보이스피싱 조직원으로 활동하다가 총책이 검거되자 2017년 필리핀 마닐라를 거점으로 소위 '민준파'를 새롭게 조직했다.이후 66명의 조직원을 구성한 뒤 전화 상담책과 인출책, 환전책 등으로 나눠 조직적으로 움직였던 것으로 드러났다. 특히 전화 상담책만 10여개 팀으로 구성됐던 것으로 파악됐다.이후 소액 대출을 원하는 서민층을 대상으로 '저금리 대환대출' 문자를 보낸 뒤 전화를 걸어온 피해자들에게 ""기존 대출 이자보다 싼 이자로 갈아탈 수 있게 도와주겠다""는 식으로 거짓말을 했다. 이들은 기존 대출금 변제 명목 등으로 편취금을 입금받았으며, 피해자들은 개인당 평균 1000~2000만원의 피해를 입었다고 한다.특히 대포계좌를 통해 사기 피해금을 입금받은 후 중국 환전상을 거쳐 필리핀 화폐로 환전해 범죄 수익금을 챙겼던 것으로 조사됐다. 민준파에 대한 첩보를 입수한 경기남부경찰청 수사팀은 조직원들을 특정해 범죄단체조직죄와 사기 혐의 등으로 국내에 있던 이들을 순차적으로 검거했다. 이후 필리핀에 있던 A씨 등 핵심 인물들은 국제공조를 통해 지난해 10월 국내로 강제 송환했다.사건을 넘겨받은 서울동부지검 보이스피싱 합동수사단(단장 김수민)은 보완 수사 등을 통해 단순사기죄 혐의로 송치된 이들에 대해 특경법상 사기죄로 혐의를 변경해 적용했다. 합수단은 범행 횟수 및 방법 등에 비춰 포괄일죄인 상습사기에 해당하고 피해금 총액이 5억 원 이상인 점 등을 혐의 변경 사유로 들었다.또 계좌분석 등을 통해 범죄수익을 대포계좌로 받아 은닉한 사실도 밝혀 이들에게 범죄수익은닉규제법 위반죄도 적용했다.이후 합수단은 지난해 11월15일 A씨와 B씨를 구속 기소 후, 1심 결심 공판에서 A씨에게 징역 40년과 추징 20억원을 구형했다. 또 부총책인 B씨에게도 징역 30년과 추징 3억원을 선고해달라고 요청했다.이들 외에도 검거된 민준파 조직원 40명 중 23명은 유죄판결이 확정됐으며 17명은 재판 중이거나 수사 중에 있는 것으로 전해졌다. 또 해외에 있는 나머지 조직원의 경우 체포영장을 발부받아 지명수배 후 추적 중이다.합수단은 ""앞으로도 서민들에게 큰 고통을 주는 보이스피싱 사범들을 철저히 수사함으로써 보이스피싱 범죄로부터 국민의 재산을 안전하게 지켜내고, 죄에 상응하는 중형이 선고되도록 최선을 다하겠다""고 밝혔다．
]"
2023-11-09 14:48:23,"광주 광산경찰서, 보이스피싱 피해 예방 은행원 감사장",https://n.news.naver.com/mnews/article/277/0005338508?sid=102,"[
			광주 광산경찰서가 보이스피싱 예방에 기여한 신한은행 은행원에게 감사장을 수여했다고 9일 밝혔다.



은행원은 지난 1일 신한은행 수완지점에서 저금리 대환대출을 해주겠다는 문자에 속은 피해자가 현금 2850만원을 인출하는 것을 목격했다.말투와 행동을 수상히 여겨 경찰에 신고해 보이스 피싱 피해를 예방했다.경찰 관계자는 ""최근 광산구 내 대환대출, 수사기관 등을 사칭한 보이스 피싱 범죄가 다수 발생하고 있어 주의가 필요하다""고 당부했다.
]"
2023-11-08 16:01:01,“저금리 추가 대출해줄께”…제천서 보이스피싱 일당 검거,https://n.news.naver.com/mnews/article/031/0000786340?sid=102,"[
			충북 제천경찰서는 전화금융사기(보이스피싱) 현금 수거책 20대 A씨와 40대 B씨를 각각 사기(방조) 혐의로 검거하고 피해금 전액을 피해자에게 돌려줬다고 8일 밝혔다.경찰에 따르면 A씨는 지난달 16일 낮 12시30분쯤 제천시 하소동 도로에서 피해자 50대 C씨로부터 현금 1000만원을 받아 택시를 타고 도주하던 중 영동고속도로 휴게소에서 추적 중인 경찰에 긴급 체포됐다.



지난 10월 16일 오후 제천시 하소동 도로에서 보이스피싱 용의자 A씨가 C씨로부터 돈을 받고 있는 CC(폐쇄회로)TV 장면. [사진=제천경찰서]A씨 일당은 은행원을 사칭, 저금리로 추가 대출을 해주겠다며 대환대출을 미끼로 C씨로부터 돈을 받아 챙긴 것으로 전해졌다.B씨 역시 A씨 일당과 유사한 방법으로 피해자에게 접근했다.B씨는 지난달 23일 오후 2시30분쯤 제천시 장락동 한 공원 주차장에서 피해자인 50대 D씨에게 현금 1450만원을 받아 택시를 타고 도주하던 중 대전에서 검거됐다.경찰은 신고 즉시 택시의 이동 경로를 확인하고 고속도로순찰대와 관할 지구대 등 인접 순찰차에 공조 요청해 피의자 검거에 성공했다.임경호 제천경찰서장은 “ 보이스피싱 수거책들이 추적을 피하기 위해 주로 택시를 이용하는 점에 착안, 해당 택시 번호를 빠르게 특정하는데 수사력을 집중했다. 사건 발생 약 2～3시간 만에 도주 중인 피의자들을 모두 검거했다”고 밝혔다.이어 “모르는 사람의 계좌 이체나 현금 전달 요구는 무조건 거절해야 하고 신분증 사진 전송 등으로 본인 인증을 해주는 유형의 전화금융사기에 주의해 달라”고 당부했다.
]"
2023-11-06 04:06:07,108억 뜯은 보이스피싱 총책 ‘역대 최장’ 35년형,https://n.news.naver.com/mnews/article/005/0001649727?sid=102,"[
필리핀 거점 60여명 거느린 ‘민준파’20억 추징… 부총책도 징역 27년 선고



경찰청이 지난해 10월 인천국제공항을 통해 필리핀 거점 보이스피싱 조직 '민준파' 총책 등을 강제 송환하고 있다. 경찰청 제공필리핀을 거점으로 활동하며 보이스피싱으로 약 108억원을 뜯어낸 ‘민준파’ 총책에게 징역 35년이 선고됐다. 국내 보이스피싱 범죄 사상 최장기형 선고다.서울동부지법 형사11부(재판장 김병철)는 지난 3일 보이스피싱 조직 민준파 총책 최모(37)씨에게 징역 35년을 선고하고 20억원의 추징을 명령했다고 5일 밝혔다. 부총책 이모(31)씨 역시 징역 27년과 추징금 3억원을 선고받았다. 기존 보이스피싱 총책에 대한 최장기형은 징역 20년이었다.서울동부지검 보이스피싱 범죄 정부합동수사단(단장 김수민)에 따르면 이들은 2017년 12월부터 2021년 12월까지 국내 피해자 560명에게 ‘저금리 대환대출을 해주겠다’고 속여 108억원을 가로챈 혐의를 받는다. 또 범죄수익금을 대포통장으로 입금받은 뒤 중국 환전상을 거쳐 필리핀 화폐로 환전해 범죄수익금을 은닉한 혐의도 있다.최씨는 2017년 자신의 가명을 딴 보이스피싱 조직 일명 ‘민준파’를 조직했다. 고등학교를 졸업한 평범한 회사원이었던 최씨는 20대 후반 “큰돈을 벌 수 있다”는 말을 듣고 필리핀 마닐라로 건너갔다. ‘고수익 일자리’는 알고보니 보이스피싱 조직이었고, 최씨는 보이스피싱 수법을 기초부터 배웠다(국민일보 4월 15일자 1면 참조). 이 조직의 총책이 검거되자 최씨는 직접 보이스피싱 조직을 결성했다.최씨는 필리핀 메트로마닐라 등지에 사무실을 마련한 뒤 조직원 60여명을 끌어모았다. 몸집을 불리는 방식은 다단계 판매 단체와 유사했다. ‘총책-부총책-팀장-팀원’으로 위계질서를 갖추고, 새 조직원을 데려올수록 수익 배분을 늘려줬다. 피해자와 직접 접촉하는 콜센터팀은 ‘영팀’ ‘올드팀’ 등 10여개로 나눠 팀 간 경쟁을 부추기기도 했다.합수단은 총책·부총책 외에도 민준파 조직원 40명을 검거했다. 이 가운데 23명은 유죄판결이 확정됐다. 나머지 조직원은 재판이 진행되고 있거나 수사 중이다. 합수단은 해외에 있는 조직원에 대해서도 체포영장을 발부받아 추적하고 있다.
		]"
2023-11-07 15:39:01,보이스피싱 유죄받은 유령법인 30개 해산 청구,https://n.news.naver.com/mnews/article/023/0003797741?sid=102,"[




부산 연제구 부산고등·지방검찰청 전경./뉴스1										부산지검 인권보호부(부장 유진승)는 최근 전화금융사기(보이스피싱) 범죄 등에 이용된 30개 유령회사에 대한 해산명령을 관할 법원에 청구했다고 7일 밝혔다.검찰이 해산명령을 청구한 유령회사들은 올해 1월부터 10월까지 전화금융사기 혐의 등으로 기소돼 1심에서 유죄를 선고받은 곳이다.검찰은 “대포통장 개설을 위해 설립한 유령 회사가 대표자 처벌 이후에도 남아 있을 경우 법인 명의 계좌를 다시 개설, 보이스피싱 등 범행에 악용할 수 있어 해산명령을 청구한 것”이라고 말했다.
]"
2023-11-07 11:58:18,[단독] ‘현직검사 사칭’ 보이스피싱만 매일 48건,https://n.news.naver.com/mnews/article/021/0002603678?sid=102,"[
■ 더 교묘해지는 사기 수법“서울중앙지검 특수1부 소속의김00 검삽니다” 실제이름 사용검찰 사용 서류양식도 도용해檢·警·법원 사칭 범죄 잇달아



“서울중앙지검 특수1부 김OO 검사입니다.”최근 보이스피싱 범죄가 서울중앙지검 반부패부에서 근무하는 실제 검사를 사칭하고, 검찰이 실제 사용하는 것과 비슷한 서류 양식을 제시하는 등의 방식으로 갈수록 진화하고 있다. 전체 보이스피싱 피해액은 줄어들고 있지만, 검찰·경찰·법원 등을 사칭하는 범죄는 줄어들지 않는 것으로 나타났다.7일 문화일보 취재를 종합하면 올해(1∼10월) 검찰이 접수한 검사 사칭 보이스피싱 신고 건수는 하루 평균 48.6건에 달한다. 지난해까지 평균 20건 수준이었던 점을 고려하면 2.5배로 증가한 것이다. 특히 최근 보이스피싱 조직들이 중앙지검 반부패수사1부에 소속된 현직 검사를 사칭한 사례도 확인됐다. 서울·경남·울산 등에서 10월 중순부터 서울중앙지검 특수1부 김OO 검사를 사칭한 보이스피싱 조직으로부터 수사 협조를 위해 금융정보를 제공하라는 연락을 받은 것으로 확인됐다. 해당 검사는 실제 서울중앙지검 특수1부의 후신 격인 반부패수사1부에 소속돼 있다. 실제 근무 중인 검사와 부서까지 사칭하는 사실이 확인된 것은 처음이다.수법도 더 정교해지고 있다. 보이스피싱 조직들은 김OO 검사 이름이 찍히고 실제 중앙지검이 사용하는 것과 유사한 ‘피의사건 처분결과 통지서’도 사진으로 피해자들에게 전송한 것으로 드러났다. 해당 통지서엔 보이스피싱 피해자들이 고소를 당해 중앙지검의 수사가 진행됐다는 사실과 함께 처분 죄명·처분 결과가 적시됐다. 실제 검찰이 쓰는 양식처럼 보이기 위해 사건번호·검사 사무실 번호도 기재됐다. 또 볼펜으로 서류에 “검경 간 협의가 완료될 때까지 기소의견 송치를 반려한다” 등의 문구를 써 현실감을 높였다. 보이스피싱 조직은 피해자와의 통화에서 수사팀에 협조하라면서 가짜 피의사건 처분결과 통지서 외에도 모바일 메신저로 ‘압수수색 영장’ ‘대포통장 신고 수사 동의서’ 등을 피해자들에게 보냈다.검찰 관계자는 “실제 검찰 사용 양식을 사용한 사례는 아직 확인되지 않았지만 실제 양식과 점점 더 유사해지는 것은 맞다”고 설명했다. 범죄 조직은 피해자와 직접 통화를 하면서 전화를 끊지 못하게 하는 등 전통적 방식도 동원했다. 수사기관 사칭 신고 사례 중에는 위조된 출석 요구서를 우편으로 보내 정식 송달로 보이게 하는 방식 등도 확인됐다. 검찰은 보이스피싱 단속·적발이 강화되자 범죄 조직들이 그나마 확률이 높은 수사기관 사칭에 집중하고 있다고 분석하고 있다. 실제 강민국 국민의힘 의원이 금융감독원으로부터 받은 자료에 따르면 2018년부터 올해 7월까지 전체 기관 사칭 보이스피싱 피해액 4143억 원 중 3400억 원이 검찰·경찰·법원 사칭으로 발생했다.검사 등을 사칭하는 보이스피싱 범죄가 극성을 부리자 대검찰청은 2020년 9월부터 서울중앙지검 내에 전국을 관할하는 ‘찐센터’를 설치하고 전담 수사관을 배치했다. 찐센터는 피해자로부터 24시간 전화와 메시지로 신고를 받고 진위 여부를 실시간 확인해주는 ‘빨리사기 직통번호(010-3570-8242)’를 운영한다. 
]"
2023-11-07 07:01:08,"""마라탕 소스 대금 2억원 받았을뿐"" 보이스피싱 수거책 실형 선고",https://n.news.naver.com/mnews/article/014/0005096867?sid=102,"[
허위 업체 차리고 보이스피싱 피해금 전달 



그래픽=홍선주기자[파이낸셜뉴스] 허위로 마라탕 소스 업체를 차리고 보이스피싱 피해금을 전달한 혐의로 재판에 넘겨진 수거책 일당이 실형을 선고받았다.   서울서부지법 형사4단독(정금영 부장판사)은 지난달 18일 사기미수 혐의로 기소된 보이스피싱 현금수거책 일당 2명에게 각각 징역 4년, 5년형을 선고했다.   이들은 지난 5월께 보이스피싱 피해자에게서 1360만원을 전달받아 순차적으로 다른 수거책에게 피해금을 전달하려 한 혐의를 받는다. 피해자가 1차 수거책에게 피해금을 넘겼으나 경찰이 중간 수거책을 붙잡으면서 범행이 미수에 그쳤다.   이들은 고향 선후배 사이로, 마라탕 소스 관련 사업을 하던 중 알게 된 지인에게 마라탕 소스를 공급하기로 하고 대금을 받은 것뿐이라고 주장했다.   그러나 재판부는 주장을 받아들이지 않았다. 이들이 마라탕 소스를 공급받기로 한 지인을 베트남에서 우연히 만나게 됐으며, 메신저 친구로 추가한 후 2회 이야기를 나누었을 뿐이라는 진술을 지적했다. 명함을 받지 않았고 업체명도 모르며 정식 계약서조차 작성하지 않은 상태에서 해당 지인이 피고인에게 2억원이 넘는 마라탕 소스 대금을 선지급한다는 것은 상식적으로 이해하기 어렵다고 봤다.   또 재판부는 이들이 3일 동안 7회에 걸쳐 2억60만원을 현금으로 받았고, 30여분에서 몇 시간 간격으로 일정한 패턴없이 현금을 받은 점 등을 근거로 일반적인 물품 대금 지급 방식이 아니라고 판단했다.   아울러 이들이 차렸다는 마라탕 소스 업체 사무실에는 책상 2개와 컴퓨터 1개, 계수기, 금고 외에 특별한 집기도 없고 정상적인 영업을 했다는 자료가 없다고 판단했다.   재판부는 ""보이스피싱 범행에 필요한 사무실 계수기 금고 등 물적 시설을 미리 마련하는 등 피해금의 전달 내지 송금을 사업화해 범행에 가담했다""며 ""엄중한 처벌이 불가피하다""고 판시했다. 그러면서 ""상황에 따라 진술을 변경하거나 이 사건과 관련성이 낮거나 그 신빙성을 확인할 수 없는 자료를 제출함으로써 범행을 적극적으로 은폐하려고 하는 등 범행 후에 보인 태도도 불량하고 자신들의 잘못을 진지하게 뉘우치지 않고 있다""고 봤다.   다만 ""이 사건 범행은 미수에 그쳤고 피해금도 피해자에게 모두 반환됐다""며 ""피고인들은 국내에서 처벌받은 전력이 없다""고 유리한 양형 이유를 판시했다.   이들과 함께 재판에 넘겨진 다른 현금수거책에게는 징역 1년 6개월이 선고됐다.
		]"
2023-11-05 13:48:01,560명에게 108억 뜯은 보이스피싱 총책… 역대 최장기 징역 35년,https://n.news.naver.com/mnews/article/023/0003797339?sid=102,"[




지난해 10월 필리핀을 거점으로 보이스피싱 범죄를 저질러 온 '민준파' 총책과 부총책 등 2명을 검거해 국내로 송환하는 모습. 이들은 금융기관을 사칭, ‘저금리로 대출을 해주겠다’고 피해자들을 속여 560명에게 108여억원의 피해를 입혔다./뉴스1										필리핀에 거점을 두고 560명에게 108억원을 뜯어낸 보이스피싱 조직 총책에게 역대 최장기형인 징역 35년이 선고됐다.서울동부지법 형사11부(재판장 김병철)는 지난 3일 특정경제범죄가중처벌법 위반(사기) 및 범죄수익은닉규제법 위반 혐의로 구속 기소된 보이스피싱 조직 ‘민준파’의 총책 A(37)씨에게 징역 35년을 선고하고 20억원을 추징 명령했다. 역대 보이스피싱 사건 중 최장기형이다. 재판부는 부총책인 B(31)씨에게도 징역 27년과 3억원의 추징 명령을 내렸다.A씨는 조직원 60여명과 함께 2017년 12월부터 2021년 12월까지 약 4년간 국내 피해자 560명에게 ‘저금리 대환대출’을 해주겠다고 속여 108억원을 가로챈 혐의로 검거됐다. 또한 이들은 범죄수익금 108억원을 대포통장으로 송금받고, 중국 환전상을 통해 필리핀 화폐로 환전한 혐의도 받는다.검찰에 따르면 A씨는 2017년 보이스피싱 사기를 목적으로 필리핀 메트로마닐라 등에 거점 사무실을 마련했다. 이후 콜센터 직원, 인출 및 수금 모집책(출집), 대포통장 모집책(장집), 국내인출책, 국내환전책 등으로 조직원을 구성했다. 특히 보이스피싱 콜센터를 영팀(Young team)과 올드팀(Old team) 등 7개 팀으로 나눠 실적 경쟁을 부추겼다. 민준파는 ‘총책-부총책-팀장-팀원’으로 이뤄진 위계질서를 갖추기도 했다.



서울동부지검 보이스피싱범죄 합수단은 지난 3일 필리핀을 거점으로 활동하면서 피해자 560명으로부터 약 108억 원을 편취한 보이스피싱 조직 총책에게 역대 최장기형인 징역 35년의 중형이 선고했다고 5일 밝혔다. 보이스피싱 조직 '민준파'의 조직도. /서울동부지검 제공, 그래픽=송윤혜										이들은 지난해 9월 필리핀 현지에서 검거돼 같은해 10월 수원지검으로 구속 송치됐다. 검찰은 사안의 중대성을 고려해 보이스피싱 합수단으로 사건을 이송해 집중적인 보완수사를 실시했다. 이후 합수단은 법리 검토를 통해 단순 사기죄에서 특경법 위반으로 혐의를 변경해 법원에 중형 선고를 요청했다. 검찰이 민준파의 범행횟수와 방법이 상습사기에 해당되고 피해금 총액은 5억원 이상이라고 판단했기 때문이다.지난해 8월 대검찰청이 총책에게 최대 무기징역형을 구형할 수 있도록 보이스피싱 사건처리기준을 강화하면서, 법원도 중형 선고를 거듭하고 있다. 기존 보이스피싱 총책에 대한 최장기형은 징역 20년이었다. 지난 6월 서울동부지법에서 피해액 26억원의 보이스피싱 사건 총책에게 징역 20년, 2016년 안산지원에서 피해액 54억원의 사건 총책에게 징역 20년이 선고됐다.검찰은 A와 B씨 외에도 민준파 조직원 40명을 검거했다. 이 중 23명은 유죄판결이 확정됐다. 조직원 13명에 대해선 재판이 진행되고 있고, 4명은 수사 중이다. 해외에 있는 나머지 조직원도 체포영장을 발부받아 지명수배 후 추적 중이다.합수단 관계자는 “보이스피싱 범죄로부터 우리 국민의 재산을 안전하게 지켜내고, 범죄자들에게 죄에 상응하는 중형이 선고되도록 최선을 다할 예정”이라고 밝혔다.
]"
2023-11-01 11:34:24,"검찰, '강남 마약음료' 1심 판결에 항소…""악질 범죄""",https://n.news.naver.com/mnews/article/003/0012181687?sid=102,"[
주범 징역 22년 구형했으나 1심서 15년 선고검찰 ""부모 돈까지 갈취하려 한 악질적 범죄""



[서울=뉴시스] 조수정 기자 = 서울중앙지검은 1일 이 사건 1심 판결에 대해 양형부당으로 각각 항소를 제기했다고 밝혔다. 사진은 필로폰과 우유를 섞은 음료를 제조한 혐의를 받는 길모(25)씨가 17일 오전 서울 마포경찰서에서 검찰로 송치되는 모습. 2023.04.17.chocrystal@newsis.com[서울=뉴시스]정유선 기자 = 검찰이 강남 학원가에서 마약이 섞인 음료를 학생들에게 나눠주고 이를 마시게 한 혐의 등으로 재판에 넘겨진 일당의 1심 선고에 대해 불복해 항소했다. 서울중앙지검은 1일 이 사건 1심 판결에 대해 양형부당으로 각각 항소를 제기했다고 밝혔다. 검찰은 ""불특정 청소년들을 마약 범죄의 대상으로 삼았을 뿐만 아니라 이를 이용해 피해자들의 부모로부터 돈까지 갈취하려 한 악질적인 범죄""라며 ""보이스피싱 모집책도 이 사건 범행의 주범을 보이스피싱 범죄집단에 가입시킨 장본인으로서, 피고인 중 단 한 명도 가볍게 처벌할 수 없는 중대한 사안이라고 판단했다""고 밝혔다. 서울중앙지법은 지난달 26일 마약음료 제조책 혐의로 기소된 길모(26)씨에게 징역 15년, 중계기 관리책 김모(39)씨에겐 징역 8년을 선고했다. 마약 제공책 박모(36)씨는 징역 10년, 보이스피싱 범죄집단 모집책 이모(41)씨는 징역 7년을 선고받았다. 이 사건의 주범으로 꼽히는 길씨는 중국에 있는 보이스피싱 총책 등과 함께 마약음료를 제조한 뒤 미성년자들에게 투약하게 하고 이를 빌미로 금품을 갈취하려 한 혐의 등으로 재판에 넘겨졌다.김씨는 변작중계기를 사용해 중국 인터넷 전화번호를 국내번호로 바꿔 협박 전화를 도운 혐의, 박씨는 '던지기 수법'으로 필로폰 10g을 받아 길씨가 전달하도록 한 혐의로 기소됐다.검찰은 이들 일당과 같은 조직에서 보이스피싱 모집책으로 활동한 것으로 조사된 이씨에게 범죄단체 가입·활동 등 혐의를 적용해 추가로 구속기소했다.이들은 지난 4월 서울 강남 학원가 일대에서 음료 시음회를 열고 학생들에게 '집중력 강화' 음료라며 음료 18병을 나눠준 것으로 조사됐다.검찰은 결심 공판에서 길씨에게 징역 22년, 김씨 등 일당에게 징역 12년~13년의 중형을 구형했다．
]"
2023-11-05 10:54:03,108억 뜯은 보이스피싱 총책에 징역 35년 선고…역대 최장기형,https://n.news.naver.com/mnews/article/028/0002663166?sid=102,"[




게티이미지뱅크지난 5년간 560명으로부터 108억원을 가로챈 보이스피싱 조직 총책에게 역대 최장기형인 징역 35년이 선고됐다. 서울동부지법 형사합의11부(재판장 김병철)는 지난 3일 필리핀을 거점으로 활동하며 피해자 560명으로부터 약 108억원을 가로챈 보이스피싱 조직 ‘민준파’의 총책 ㄱ(37)씨에게 징역 35년과 추징금 20억원을 선고했다. 부총책 ㄴ(31)씨에겐 징역 27년에 추징금 3억원을 선고했다. 서울동부지검 보이스피싱범죄 정부합동수사단은 필리핀 내 기존 보이스피싱 조직원으로 활동하던 ㄱ씨가 총책이 검거되자 자신의 가명을 딴 ‘민준파’를 2017년 새롭게 조직해 필리핀 메트로마닐라 등지에 사무실을 마련했다고 설명했다. 조직원 60여명으로 구성된 이 조직은 2017년 12월부터 2021년 12월까지 국내 피해자 560명에게 ‘저금리 대환대출’을 해주겠다고 속여 약 108억원을 ‘대포 계좌’로 송금받았다.



보이스피싱 ‘민준파’ 조직도. 서울동부지검 제공합수단은 해당 사건을 단순 사기죄에서 법정형이 높은 특정경제범죄가중처벌등에관한법률위반(사기)죄로 혐의를 변경하고, 범죄 수익을 대포 계좌를 받은 혐의도 밝혀내 범죄수익은닉규제법 위반 혐의도 함께 기소하면서 1심에서 높은 징역형을 이끌어냈다고 밝혔다.지금까지 보이스피싱 총책에 대한 최장기형은 징역 20년이었다. 서울동부지법은 올해 피해액 26억원의 보이스피싱 총책에게, 수원지법 안산지원은 2016년 피해액 54억원의 총책에게 각각 징역 20년을 선고했다. 합수단은 ㄱ씨와 ㄴ씨를 제외한 민준파 조직원 40명이 검거돼 이 가운데 23명은 유죄가 확정됐고, 13명은 재판을 받고 있으며 4명은 수사 중이라고 밝혔다. 해외에 있는 나머지 조직원들은 체포영장을 발부받아 지명수배 후 추적 중이다. 
]"
2023-11-08 08:33:01,"[출근길 인터뷰] ""이 목소리입니다""…보이스피싱 사기범 육성 공개",https://n.news.naver.com/mnews/article/422/0000628185?sid=101,"[
			[앵커] 알면서도 당한다는 게 보이스피싱이죠. 보이스피싱 피해가 나날이 커지자 금융감독원에서 보이스피싱 사기범들의 실제 목소리를 공개했는데요. 목소리 직접 들어보고 예방법도 알아보겠습니다. 금융감독원에 나가 있는 뉴스캐스터 연결합니다. 박서휘 캐스터.[캐스터]  수요일 출근길 인터뷰에서는 김준환 금융감독원 부원장보를 만나 얘기 나눠보겠습니다. 안녕하세요?[김준환 / 금융감독원 부원장보]  안녕하세요.[캐스터]  보이스피싱 사기범의 목소리를 공개하셨다고요?[김준환 / 금융감독원 부원장보]  올해 23년 기준으로 해서 많이 이용됐던 12건 정도를 공개했습니다.[캐스터]  함께 먼저 들어보시고 본격적으로 이야기 나눠보겠습니다.[김준환 / 금융감독원 부원장보]  그러는 게 좋을 것 같습니다.[캐스터]  금융감독원에서 이렇게 사기범들의 목소리를 공개한 이유가 있을까요?[김준환 / 금융감독원 부원장보]  지금 캐스터님도 들어보셨겠지만 원래 저희가 흔히 이제 보이스피싱이라 그러면은 나는 한국말 쓰는 사람이니까 나는 안 당할 거야 이렇게 생각을 하는데요. 전혀 안 그렇잖아요.그래서 실제로 말로 저희가 설명드리는 것보다는 직접 현재 상황을 들어보시는 게 훨씬 더 경각심을 주지 않을까 싶어서 공개하게 됐습니다.[캐스터]  보이스피싱 수법이 날로 진화하고 있는데요. 요즘은 어떤 수법이 기승을 부리고 있는 건가요?[김준환 / 금융감독원 부원장보]  아무래도 코로나19 이후로 해서 젊은 사람들이 사회 경험이 적다 보니까 이런 젊은 사람들을 대상으로 한 보이스피싱이 좀 늘어나고 있는 것 같습니다.그러다 보니까 그 수법도 지금 들어보신 것처럼 아무래도 검찰이라는 공신 기관을 사칭을 하면서 막 협박을 하니까 넘어올 수 있도록 하는 게 좀 늘어나고 있습니다.[캐스터]  보이스피싱 알면서도 당할 수밖에 없는 것 같은데요. 예방할 수 있는 방법이 있을까요?[김준환 / 금융감독원 부원장보]  제일 중요한 것은 아무래도 본인이 검찰이다 아니면 딸이다 관계없이 통화 도중에 돈을 보내라는 얘기를 하든가 아니면 이쪽으로 돈을 빼라 이런 얘기가 나오는 순간은 무조건 의심하시고 전화를 끊으시는 게 가장 안전합니다.[캐스터]  일단 돈을 보내지 않는 게 정말 중요할 것 같은데 만약에 그래도 걸려들었다면 어떻게 대처하는게 좋을까요?[김준환 / 금융감독원 부원장보]  전화를 끊자마자 곧바로 돈을 보내신 은행에 콜센터가 있습니다.요즘은 24시간 주말에도 운영을 하고 있거든요.전화해서 보낸 통장 지급 정지라고 하는데 돈을 인출하지 못하도록 신고하는 것이 제일 중요합니다.그리고 요즘은 핸드폰도 메시지를 통해서 보이스피싱이 될 수 있기 때문에 통신사를 통해서 본인 이름으로 핸드폰을 추가적으로 개통되지 않도록 맞는 소위 명의 도용 방지 서비스도 가입하시는게 중요합니다.[캐스터]  오늘 좋은 말씀 고맙습니다. 지금까지 출근길 인터뷰였습니다.(박서휘 캐스터)연합뉴스TV 기사문의 및 제보 : 카톡/라인 jebo23
]"
2023-11-05 12:44:01,보이스피싱에서 징역 35년 나왔다… 108억 뜯은 ‘민준파’ 두목,https://n.news.naver.com/mnews/article/469/0000768546?sid=102,"[
서울동부지법... 부총책도 징역 27년필리핀 기반으로 피해자 560명 양산



보이스피싱 조직 '민준파' 조직도. 서울동부지검 제공수백 명의 피해자에게 약 108억원을 뜯어낸 보이스피싱 조직 '민준파' 두목에게 동종사건 역대 최장기형인 징역 35년이 선고됐다.5일 서울동부지검에 따르면, 3일 서울동부지법 형사합의11부(부장 김병철)는 필리핀에서 강제 송환된 후 구속 기소된 보이스피싱 조직 민준파의 총책 A(37)씨에게 1심에서 징역 35년을 선고하고 20억원을 추징하라고 명령했다. A씨와 함께 구속된 상태로 재판에 넘겨진 부총책 B(31)씨에겐 징역 27년과 추징금 3억원이 선고됐다.A씨 등은 조직원 60여 명과 함께 2017년 12월쯤부터 약 4년간 국내 피해자 560명에게 ‘저금리 대환대출’을 해주겠다고 속여 약 108억 원을 가로챈 혐의(범죄단체조직·활동, 특정경제범죄가중처벌법상 사기 등)로 검거됐다. 이들은 또 범죄수익금 108억원을 대포통장으로 송금받아 중국 환전상을 거쳐 필리핀 화폐로 환전한 혐의(범죄수익은닉규제법 위반)도 받는다.보이스피싱범죄 정부합동수사단에 따르면 A씨 등은 2017년도 보이스피싱을 위해 조직 결성을 공모한 뒤 필리핀 메트로마닐라 지역 등에 거점 사무실을 마련했다. 이어 △콜센터 직원 △출집(보이스피싱 인출책) △장집(대포 체크카드 모집책) △국내환전책 등으로 구성된 조직을 꾸렸다. 특히 민준파는 콜센터 조직을 영팀, 올드팀 등 10여 개팀으로 나누어 실적을 독려하는 등 팀간 경쟁을 부추기기도 했다. 민준파는 ‘총책-부총책-팀장-팀원’으로 이루어진 위계질서를 갖춘 것으로 파악됐다.이들은 작년 9월 필리핀 현지에 파견된 한국 경찰에 검거되어 같은해 10월 수원지검으로 구속송치됐다. 이후 검찰은 사안의 중대성을 고려해 보이스피싱 합수단으로 사건을 이송, 집중적으로 보완수사를 실시했다. 합수단은 법리 검토를 통해 단순 사기죄에서 법정형이 높은 특경법 위반으로 혐의를 변경하며 법원에 중형 선고를 요청했고, A씨에겐 역대 최장기형인 징역 35년이 선고됐다. 기존 보이스피싱 총책에 대한 최장기형은 징역 20년(안산지원·피해액 54억원)이었다. 최근 검찰은 총책에게 최대 무기징역형을 구형할 수 있도록 보이스피싱 사건처리기준을 강화했고, 법원도 중형 선고를 거듭하고 있다.검찰은 A·B씨 외에도 나머지 조직원 40명을 검거했는데 이 중 23명은 유죄판결이 확정됐고 13명은 재판이 진행되고 있으며, 4명은 수사 중이다. 해외에 있는 나머지 조직원은 체포영장을 발부받아 지명수배 후 추적 중이다. 합수단 관계자는 ""서민들에게 큰 고통을 주는 보이스피싱 사범들을 철저히 수사해 죄에 상응하는 중형이 선고되도록 최선을 다하겠다""고 말했다. 
]"
2023-10-31 17:30:35,보이스피싱 음성분석 모델로 '전화 속 그놈' 51명 잡았다,https://n.news.naver.com/mnews/article/055/0001101997?sid=102,"[




▲위 사진은 기사 내용과 관련이 없습니다.정부가 세계 최초로 개발한 '보이스피싱 음성분석 모델'이 범죄 수사 현장에 활용돼 성과를 거두고 있습니다.행정안전부는 통합데이터분석센터와 국립과학수사연구원이 올 초 개발해 국과수 감정과 경찰 수사에 투입한 음성분석모델을 활용해, 3개 보이스피싱 범죄조직 총책과 자금관리책 등 51명을 검거했다고 밝혔습니다.이번에 검거된 3개 조직은 콜센터 사무실을 갖추고 개인정보, 대포폰 등을 활용해 '성관련 동영상을 유포하겠다'고 협박해, 피해자들로부터 약 6억 원을 챙긴 것으로 조사됐습니다.이 과정에서 음성분석모델을 활용해, 앞서 검거한 피의자의 음성과 피해자들로부터 확보한 보이스피싱범의 음성이 같다는 걸 확인했고, 기존에 보유한 1만 3천여 개의 보이스피싱 음성을 비교·분석했습니다.12차례에 걸친 상호 분석을 진행한 결과, 미제사건으로 분류돼 있던 '해외 ○○ 콜센터 조직사건' 등 17개 사건과 연관성이 확인됐고, 관련 범죄자들을 추가로 검거하기 위한 작업이 진행 중입니다.행안부는 ""국내 보이스피싱 범죄조직 검거에 이어, 미제사건이었던 해외 활동 조직의 실체까지 밝혀 조직원을 추가 검거하는 데 핵심적인 역할을 했다""고 평가했습니다.
		]"
2023-11-01 15:15:04,"'토스 피싱제로', 1년 반 동안 악성 앱 86만건 잡았다",https://n.news.naver.com/mnews/article/003/0012182492?sid=101,"[




[서울=뉴시스] 남정현 기자 = 토스를 운영하는 비바리퍼블리카가 악성 앱 탐지 솔루션 '토스 피싱제로'를 출시해 1년 반 동안 악성 앱 86만건을 잡았다고 1일 밝혔다.토스 피싱제로는 토스가 금융소비자를 보호하기 위해 자체 개발한 악성 앱 탐지 솔루션이다. 지난해 4월 안드로이드 버전으로 출시해 토스 앱에 탑재했다. 출시부터 올해 9월 말까지 1년 반 동안 토스 피싱제로가 보호한 금융소비자는 총 13만명에 달하는 것으로 집계됐다.토스는 청첩장 문자, 택배 조회, 건강검진 안내문자 등 악성 앱 설치를 유도하는 보이스피싱 사기가 점점 지능화하고 고객 피해도 증가하고 있다는 점에 주목했다. 토스 피싱제로는 토스 보안기술팀이 자체 개발한 '악성 앱 분석 자동화 시스템'을 활용한다. 휴대폰에 설치된 앱의 권한의 적절성, 악성 행위 가능성 등을 검사해 앱의 악성 여부를 판단한다.휴대폰 내 악성 앱이 존재할 경우 앱 삭제를 권고하고, 삭제하지 않을 경우 금융 서비스 이용이 불가함을 안내한다．
]"
2023-11-02 03:02:11,서울대 교수도 10억 보이스피싱 당했다,https://n.news.naver.com/mnews/article/020/0003528791?sid=102,"[
검사-수사관-금감원 직원역 분담가짜 검사실서 영상통화로 속여1490억 피해 단일조직 범죄 최대



중국에 근거지를 두고 가짜 검사 사무실까지 만들어 영상통화하는 등의 수법으로 1891명의 돈을 가로챈 ‘기업형 보이스피싱’ 일당이 경찰에 붙잡혔다. 피해 규모가 1490억 원에 달해 단일 조직 보이스피싱 범죄로는 최대 규모다. 피해자 중엔 현직 대학교수와 의사 등 전문직 종사자도 다수 있었다. 한 의사 피해자는 41억 원을 뜯기기도 했다. 충남경찰청 반부패·경제범죄수사대는 2017년 4월 중국 항저우에 콜센터를 차리고 검찰과 금융감독원을 사칭해 1891명을 상대로 올 4월까지 보이스피싱 범행을 저지른 조직원 76명 중 한국인 조직원 44명을 붙잡았다고 1일 밝혔다. 경찰은 사기 및 범죄단체가입·활동 등 혐의로 이들을 지난달 말 검찰에 송치했다. 경찰에 따르면 피해자 중엔 현직 서울대 교수가 10억 원 가까이 피해를 당하는 등 고소득 전문직과 대기업 직원, 공무원 등이 다수 포함됐다. 전문직 종사자가 고액의 피해를 당할 만큼 보이스피싱 일당의 범행 수법은 교묘했다. 경찰 조사 결과 일당은 검사, 검찰수사관, 금감원 직원 등으로 역할을 분담해 3단계에 걸쳐 단계적으로 피해자를 속이는 수법을 썼다. 먼저 검찰수사관을 사칭한 조직원이 해킹으로 알아낸 피해자의 휴대전화 번호로 전화를 걸어 “명의가 도용돼 계좌가 범행에 사용됐다”고 통보하며 접근했다.  이어 “지폐 일련번호 확인이 필요하다”며 문자메시지로 보낸 링크를 클릭하도록 유도해 악성 애플리케이션(앱)을 휴대전화에 설치했다. 믿지 못하는 피해자들에겐 “112 신고로 확인해보라”고 한 후 앱을 활용해 전화를 가로챘고, 가짜 옷과 명패 등으로 꾸민 가짜 검사실에서 피해자와 영상통화하면서 허위 영장 등을 제시했다. 마지막 단계로 금감원 직원을 사칭한 조직원이 “대출이 가능한지 확인해야 한다”며 한도까지 대출을 받아 모두 보내게 했다. 경찰 관계자는 “일반 피해자도 다수 포함돼 있지만 고소득자가 상대적으로 대출이 유리하다 보니 피해 액수가 크다”고 설명했다.  일당들은 검거 직전 인공지능(AI) 기반 이미지 합성 기술인 ‘딥페이크’를 활용해 방송에 출연한 적 있는 검사의 얼굴과 목소리를 합성하는 등 신종 보이스피싱 수법을 개발 중이었다고 한다. 경찰 관계자는 “국가기관에선 절대로 영상통화로 사무실을 보여주거나 현금 제공 및 대출 실행을 유도하지 않는다는 점을 명심해 달라”고 당부했다.
]"
2023-11-07 16:20:03,이우근 춘천시산림조합 온의지점장 보이스피싱 예방 감사장,https://n.news.naver.com/mnews/article/087/0001005256?sid=101,"[




◇이우근 춘천시산림조합 온의지점장(왼쪽에서 두 번째)이 보이스피싱을 예방한 공로로 춘천경찰서로부터 감사장을 받았다.이우근 춘천시산림조합 온의지점장이 보이스피싱 예방에 기여한 공로로 감사장을 받았다.7일 춘천시산림조합(조합장:임동일)에 따르면 지난 2일 이우근 온의지점장이 보이스피싱 신고로 4,000만원의 고객 예금을 범죄로부터 예방해 춘천경찰서로부터 감사장을 받았다.이 지점장은 지난달 26일 온의지점을 방문한 80대 고객이 만기가 한달여 앞둔 타금융기관 예금을 중도해지 후 현금(4,000만원)으로 찾아와 입출식 통장에 입금해야 한다는 점을 수상히 여겨 112에 신고해 보이스피싱 피해를 예방할 수 있었다.이 지점장은 ""이번을 계기로 고객분들에게 좀 더 세심한 주의를 기울이는 한편 더 이상 전화금융사기 피해로 안타까운 일을 겪는 고객이 발생하지 않도록 노력하겠다""고 말했다.
]"
2023-10-31 10:19:01,"“형, 저 땡잡았어요”…1500만원 보이스피싱 피해 막은 택시기사",https://n.news.naver.com/mnews/article/005/0001648375?sid=102,"[
보이스피싱범 의심 승객 태운 기사“형 저예요”…112신고 눈치 못 채게 해“고액 알바 광고에 범행” 진술



보이스피싱 현금 수거책으로 의심되는 승객을 태운 택시기사가 재치 있는 112신고를 해 경찰의 검거를 도운 일이 알려졌다.경기도 수원서부경찰서는 사기방조 혐의로 40대 A씨를 붙잡아 조사 중이라고 31일 밝혔다.A씨는 전날 오후 경기도 안성시 공도읍 한 길가에서 50대 피해자를 만나 현금 1500만원을 가로챈 혐의를 받는다. A씨는 금융기관 직원인 것처럼 행세하면서 저금리로 대출을 갚아주겠다며 피해자를 속인 것으로 조사됐다.A씨는 피해자에게 돈을 가로채는 것까지는 성공했지만 돈이 두둑하게 든 것으로 보이는 봉투 두 개를 건네받는 모습을 수상히 여긴 택시기사 B씨의 신고로 덜미가 잡혔다.당시 왕복운행 호출을 받은 B씨는 수원시 팔달구에서 A씨를 태우고 공도읍 한 길가에 정차해 있던 중 돈봉투를 전달받는 장면을 목격했다.B씨는 A씨를 다시 태워 수원으로 돌아가던 중 112에 전화를 걸어 “형 저예요. 저 택시하잖아요. 땡잡았어요”라고 말하며 A씨가 신고 사실을 눈치채지 못하게 했다. 통상적이지 않은 B씨의 신고를 받은 경찰은 수상한 정황을 눈치채고 전화를 끊게 한 뒤 기사와 문자 메시지를 주고받으며 검거 작전을 세웠다.B씨는 경찰에게 문자로 “승객이 전화금융사기범으로 의심된다”는 내용을 전달한 것으로 알려졌다.경찰은 A씨의 하차 지점인 수원역 인근에 대기하고 있다가 택시에서 내리던 그를 긴급체포했다. A씨가 갖고 있던 피해금액 1500만원도 압수했다.A씨는 경찰 조사에서 “건당 20만원을 준다는 고액 알바 광고를 보고 (범행)했다”고 진술한 것으로 전해졌다. 피해자는 경찰에게 연락받기 전까지 자신이 보이스피싱에 당한 사실조차 모르고 있었던 것으로 파악됐다.경찰은 A씨로부터 현금을 전달받으려 한 보이스피싱 조직에 대한 수사를 확대할 예정이다.
		]"
2023-11-01 22:34:01,서울대 교수도 10억 뜯겼다… ‘검사 딥페이크’도 연습한 보이스피싱,https://n.news.naver.com/mnews/article/023/0003796745?sid=102,"[
1500억 가로챈 보이스피싱 적발



/일러스트=정다운										서울대 교수 A씨는 2019년 11월 서울중앙지검 검사에게서 자신의 계좌가 범죄에 이용됐다는 전화를 받았다. 깜짝 놀란 A씨는 전화를 끊자마자 112에 신고했다. 그러자 다시 검찰이라며 연락이 와서 “아까 전화받은 내용(수사 내용)이 모두 사실”이라고 했다. “정상적인 자금인지 확인이 필요하다”는 말에 검사가 시키는 대로 그는 2억원을 건넸고, “대출 가능 여부를 확인해야 한다”는 말에 8억원을 대출받아 추가로 건넸다. 가짜 검사, 가짜 금융감독원 직원이 번갈아 전화하는 바람에 사기를 당한 사실은 한참 뒤에야 알아차렸다.충남경찰청 반부패경제범죄수사대는 2017년 4월부터 올 4월까지 중국 항저우에 보이스피싱 콜센터를 차려놓고 검찰과 금융감독원 직원 등을 사칭해 1891명에게 1491억원을 받아 가로챈 혐의(사기 및 범죄단체 가입·활동 등)로 조모(42)씨 등 44명을 붙잡아 검찰에 넘겼다고 1일 밝혔다. 경찰 관계자는 “단일 보이스피싱 사건으로는 피해 규모가 국내 최대”라면서 “피해자들 중에는 교수와 의사, 공기업·대기업 직원 등도 있었다”고 했다.공기업 간부 B씨는 2011년 부모님 유산 10억원과 대출금 14억원 등 24억을 이들에게 털렸다. 또 다른 피해자 C씨는 경찰에서 “전 재산 18억원을 날렸다. 대출금 14억원만 남아 매달 이자만 1000만원씩 내고 있다”고 했다. 피해자 중에는 삼성전자 직원도, 의사도 있었다. 이미 극단적인 선택을 했거나 시도한 사람도 5~6명에 이르는 것으로 전해졌다.이들의 사기 행각은 단계적으로 치밀하게 이뤄졌다. 처음엔 검찰을 사칭해 “당신 통장이 대포 통장으로 사용됐다”며 위조한 검찰 공문이나 검사 신분증 등을 보여준다. 이어 금융감독원 직원이라며 “자금 확인을 해야 한다”며 현금을 뽑아 전달책에게 건네도록 한다. 이어 마지막으로 “정상 대출이 가능한지 확인이 필요하다”며 금융기관에서 대출받아 돈을 보내도록 시킨다.피해자들은 대부분 “위조된 서류와 신분증, 검사 사무실을 영상통화로 보여주는 데서 속았다”고 진술했다고 한다. 영상 속 사무실에는 검사 명패와 검찰 깃발, 법복(法服)도 있었다는 것이다. 경찰 관계자는 “이들은 대출금까지 노렸기 때문에 대출을 많이 받을 수 있는 신용도 높은 고소득·고학력자를 주 타깃으로 삼았다”고 했다.이들은 또 ‘보안용 앱’이라고 속여 악성 앱을 깔도록 해 112나 검찰청에 전화를 걸어도 자신들이 받을 수 있도록 중계 기기를 이용한 것으로 조사됐다. 경찰 관계자는 “피해자들 입장에서는 자기 손으로 경찰에, 검찰에 전화를 걸었으니 속을 수밖에 없었다”고 했다.특히 이들은 매스컴을 통해 알려진 검사의 얼굴에 자신들의 음성을 입힌 딥페이크 피싱 범죄도 연구하고 있었다고 한다. 경찰은 이 보이스피싱 조직의 총책을 비롯해 일부 검거되지 않은 조직원을 추적하고 있다.
]"
2023-11-07 11:58:20,작년 7월부터 보이스피싱 합수단 운영… 피해액 30% 감소,https://n.news.naver.com/mnews/article/021/0002603679?sid=102,"[
檢·警·국세청 등 56명 투입해활동기간 내년까지 연장 예정정부가 지난해 7월 검찰을 중심으로 보이스피싱 정부합동수사단(합수단)을 만들고, 관련 범죄 근절을 위해 총력 대응을 하고 있다. 검찰과 경찰, 국세청, 관세청, 금융감독원, 방송통신위원회 등에서 인력 56명이 투입돼 범죄 피해액이 30% 이상 감소하는 등 성과를 거두고 있다. 검찰은 관련 범죄 혐의를 적극 적용해 법원이 560명에게 108억 원을 뜯어낸 보이스피싱 조직 총책에게 최근 징역 35년을 선고하기도 했다. 7일 정부 등에 따르면 올해 상반기 보이스피싱 사기 피해액은 2050억 원으로, 지난해 같은 기간(3068억 원) 대비 30% 감소했다. 같은 기간 보이스피싱 범죄 발생 건수도 3만982건에서 2만1832건으로 감소했다. 합수단은 출범 이후 “OO카드로 12만 원을 결제합니다. 본인이 결제하지 않았다면 해당 링크를 눌러주세요” 등의 문자 220만 건을 발송해 294명에게 60억 원을 뜯어낸 조직폭력배 출신 A 씨 등 보이스피싱 범죄에 가담한 280명을 적발해 이 중 총책급 14명 등 86명을 구속 기소했다. 지난 1년간 운영 성과를 인정받은 합수단은 활동 기간을 내년까지 연장할 예정이다.검찰은 재판에서 중형이 선고될 수 있도록 과거 조직폭력배 등에게 적용되던 범죄단체 구성죄 등을 공소 사실에 포함시키고 있다. 서울동부지법 형사11부(부장 김병철)는 지난 3일 범죄단체 조직·활동, 특정경제범죄가중처벌법 및 범죄수익은닉규제법 위반 혐의로 구속 기소된 보이스피싱 조직 ‘민준파’ 총책 B 씨에게 징역 35년을 선고하고 20억 원을 추징 명령했다. 관련 범죄로는 역대 최장기형이다. 
]"
2023-11-01 20:12:01,1891명 상대로 사기 저지른 보이스피싱 조직 검거,https://n.news.naver.com/mnews/article/020/0003528745?sid=102,"[




뉴스1중국에 근거지를 두고 가짜 검사 사무실까지 만들어 영상통화하는 등의 수법으로 1891명의 돈을 가로챈 ‘기업형 보이스피싱’ 일당이 경찰에 붙잡혔다. 피해 규모가 1490억 원에 달해 단일 조직 보이스피싱 범죄로는 최대 규모다. 피해자 중엔 현직 대학교수와 의사 등 전문직 종사자도 다수 있었다. 한 의사 피해자는 41억 원을 뜯기기도 했다.충남경찰청 반부패·경제범죄수사대는 2017년 4월 중국 항저우에 콜센터를 차리고 검찰과 금융감독원을 사칭해 1891명을 상대로 올 4월까지 보이스피싱 범행을 저지른 조직원 76명 중 한국인 조직원 44명을 붙잡았다고 1일 밝혔다. 경찰은 사기 및 범죄단체가입·활동 등 혐의로 이들을 지난달 말 검찰에 송치했다.경찰에 따르면 피해자 중엔 현직 서울대 교수가 10억 원 가까이 피해를 당하는 등 고소득 전문직과 대기업 직원, 공무원 등이 다수 포함됐다.전문직 종사자가 고액의 피해를 당할 만큼 보이스피싱 일당의 범행 수법은 교묘했다. 경찰 조사 결과 일당은 검사, 검찰 수사관, 금감원 직원 등으로 역할을 분담해 3단계에 걸쳐 단계적으로 피해자를 속이는 수법을 썼다.먼저 검찰 수사관을 사칭한 조직원이 해킹으로 알아낸 피해자의 휴대전화 번호로 전화를 걸어 “명의가 도용돼 계좌가 범행에 사용됐다”고 통보하며 접근했다. 이어 “지폐 일련번호 확인이 필요하다”며 문자메시지로 보낸 링크를 클릭하도록 유도해 악성 애플리케이션(앱)을 휴대전화에 설치했다. 믿지 못하는 피해자들에겐 “112 신고로 확인해보라”고 한 후 앱을 활용해 전화를 가로챘고, 가짜 옷과 명패 등으로 꾸민 가짜 검사실에서 피해자와 영상통화하면서 허위 영장 등을 제시했다.마지막 단계로 금감원 직원을 사칭한 조직원이 “대출이 가능한지 확인해야 한다”며 한도까지 대출을 받아 모두 보내게 했다. 경찰 관계자는 “일반 피해자도 다수 포함돼 있지만 고소득자가 상대적으로 대출이 유리하다보니 피해 액수가 크다”고 설명했다. 일당들은 검거 직전 인공지능(AI) 기반 이미지 합성 기술인 ‘딥페이크’를 활용해 방송에 출연한 적 있는 검사의 얼굴과 목소리를 합성하며 신종 보이스피싱 수법을 개발 중이었다고 한다. 경찰 관계자는 “국가기관에선 절대로 영상통화로 사무실을 보여주거나 현금 제공 및 대출 실행을 유도하지 않는다는 점을 명심해 달라”고 당부했다.
]"
2023-11-03 10:12:05,대한법률구조공단·굿네이버스 협약…전화금융사기 피해자 지원,https://n.news.naver.com/mnews/article/001/0014307166?sid=102,"[




대한법률구조공단연합뉴스 자료    (김천=연합뉴스) 진병태 기자 = 대한법률구조공단은 굿네이버스와 업무협약을 통해 향후 3년간 1억 5천만원을 기부받아 전화금융사기(보이스피싱) 피해자에 대한 법률구조사업을 펼치기로 했다고 3일 밝혔다.     이번 협약은 신한은행의 지정기탁으로 사회복지공동모금회, 굿네이버스, 경찰청, 금융감독원이 함께하는 보이스피싱 제로 프로젝트의 일환이다.    지원대상 사건은 올해부터 매년 1월 1일을 기준으로 직전 3년 이내에 발생한 보이스피싱 피해로 인한 손해배상청구, 부당이득반환청구 등 관련 민사사건이다.     피해자 소득기준으로는 보건복지부 기준 중위소득 125% 이하에 해당할 경우 소송을 지원받을 수 있게 된다.    공단 관계자는 ""보이스피싱으로 인한 피해와 이로 인한 고통이 증가되고 있는 상황에서 이번 협약으로 법적 권리구제가 보다 수월하게 됐다""고 밝혔다.    jbt@yna.co.kr
]"
2023-11-01 23:10:01,서울대 교수도 10억 뜯겼다…'교묘'했던 보이스피싱 수법은?,https://n.news.naver.com/mnews/article/015/0004909357?sid=102,"[
기업형 보이스피싱 일당 검거 의사는 41억 원 뜯기기도1891명의 돈 가로채



사진=게티이미지뱅크중국에 근거지를 두고 가짜 검사 사무실까지 만들어 영상통화하는 등의 수법으로 1891명의 돈을 가로챈 기업형 보이스피싱 일당이 경찰에 붙잡혔다. 피해 규모는 무려 1490억 원에 달해 단일 조직 보이스피싱 범죄로는 최대 규모다. 피해자 중엔 현직 대학교수와 의사 등 전문직 종사자도 다수 있었다.1일 충남경찰청 반부패·경제범죄수사대는 2017년 4월 중국 항저우에 콜센터를 차리고 검찰과 금융감독원을 사칭해 1891명을 상대로 올 4월까지 보이스피싱 범행을 저지른 조직원 76명 중 한국인 조직원 44명을 붙잡았다고 밝혔다. 경찰은 사기 및 범죄단체가입·활동 등 혐의로 이들을 지난달 말 검찰에 송치했다.경찰에 따르면 피해자 중엔 현직 서울대 교수가 10억 원 가까이 피해를 당하는 등 고소득 전문직과 대기업 직원, 공무원 등도 포함됐다.전문직 종사자가 고액의 피해를 당할 만큼 보이스피싱 일당의 범행 수법은 교묘했다. 경찰 조사 결과 일당은 검사, 검찰 수사관, 금감원 직원 등으로 역할을 분담해 3단계에 걸쳐 단계적으로 피해자를 속였다.먼저 검찰 수사관을 사칭한 조직원이 해킹으로 알아낸 피해자의 휴대전화 번호로 전화를 걸어 ""명의가 도용돼 계좌가 범행에 사용됐다""고 통보하며 접근했다.이어 ""지폐 일련번호 확인이 필요하다""며 문자메시지로 보낸 링크를 클릭하도록 유도해 악성 애플리케이션(앱)을 휴대전화에 설치했다. 믿지 못하는 피해자들에겐 ""112 신고로 확인해보라""고 한 후 앱을 활용해 전화를 가로챘고, 가짜 옷과 명패 등으로 꾸민 가짜 검사실에서 피해자와 영상통화하면서 허위 영장 등도 제시했다.마지막 단계로 금감원 직원을 사칭한 조직원은 ""대출이 가능한지 확인해야 한다""라며 한도까지 대출을 받아 모두 보내게 했다. 경찰 관계자는 ""일반 피해자도 다수 포함돼 있지만 고소득자가 상대적으로 대출이 유리하다보니 피해 액수가 크다""고 밝혔다. 일당들은 검거 직전 인공지능(AI) 기반 이미지 합성 기술을 활용해 방송에 출연한 적 있는 검사의 얼굴과 목소리를 합성하며 신종 보이스피싱 수법을 개발 중이었던 것으로 전해졌다.경찰 관계자는 ""국가기관에선 절대로 영상통화로 사무실을 보여주거나 현금 제공 및 대출 실행을 유도하지 않는다는 점을 명심하라""고 당부했다.
]"
2023-11-03 20:38:01,"""구매 대행해주는 아르바이트""…신종 보이스피싱 피해 눈덩이",https://n.news.naver.com/mnews/article/437/0000365805?sid=102,"[
뒤늦게 사기 눈치채도 '지급정지' 불가…왜?[앵커]오늘(3일) 아침 출근길에 이런 문자 메시지를 받았습니다. ""쇼핑몰 채용매니저 누구입니다""라면서 아르바이트 구한다는 겁니다. 어렵지 않다 주문 대행해주는 일이다. 주부, 여성, 대학생, 직장인 누구나 할 수 있고 한 달에 3백만 원 이상 벌 수 있다고 합니다. 저뿐 아니라 많은 분들이 요즘 이런 문자 받아보셨을 겁니다. 구인구직 매니저, 일자리 채용매니저, 채용서포터. 보내는 이름도 직책도 제각각이지만 내용은 모두 같습니다. 주문 대행 아르바이트를 빙자한 신종 보이스피싱 사기입니다. 솔깃하더라도 링크 누르거나 연락하시면 안 됩니다. 물건 대신 사서 보내주면 원금에 포인트까지 더해준다는 말에 속아, 많게는 수천만원씩 뜯긴 피해자들이 많습니다. 피해를 입어도 돌려받기 어렵습니다.정인아 기자가 취재했습니다.[기자]돈을 벌 수 있다는 방법은 간단했습니다.문자에 찍힌 사이트에 가입합니다.다른 사람의 물건을 대신 사주는 것이라며 결제를 하게 합니다.결제 원금에 물건값의 20%를 포인트로 줬습니다.처음엔 5만원, 10만원 등 싼 걸 사게하고 실제로 포인트를 줘서 안심시켰습니다.[A씨/사기 피해자 : (주문 금액이) 1차 때는 90만원, 2차 때는 160만원 하더니 3차부터는 갑자기 1천만원 이렇게 올라가고…]홀린 듯 돈을 보내다 3시간 만에 7천만원을 보낸 A씨는 뒤늦게 사기라는 걸 알게 됐습니다.곧바로 은행에 지급정지를 요청했지만 거절당했습니다.[은행 관계자 : 아르바이트 목적으로 송금을 하셨던 거라 관련 법령에 따라서 고객님 지급 정지가 대상이 되지 않습니다.]경찰도 범죄 연관성이 있다며 협조를 요청했지만 이뤄지지 않았습니다.보이스피싱은 지급정지를 할 수 있지만 돈을 벌기 위해 한 건 제외한다는 법 조항 때문입니다.[A씨/사기 피해자 : (경찰의 지급정지 요청은) 말 그대로 협조일 뿐이니까. (은행이) 피해자에 대해서 너무 방관하는 건 아닌가라는 생각이 들고.]며칠새 이런 방식으로 사기를 당한 피해자는 확인된 것만 30명이 넘습니다.피해자들은 수사가 끝날 때까지만이라도 계좌를 동결시키지 않으면 피해가 더 커질 거라고 주장했습니다.일부 은행은 경찰서장 직인이 찍힌 공문에 지급정지를 요청하는 문구를 넣으면 가능하다고 답하기도 했습니다.또 법 조항을 들어 협조 요청을 하지 않는 경찰서도 있어 피해자들만 혼란을 겪고 있습니다.[영상디자인 김정은]
		]"
2023-11-06 12:51:24,[자막뉴스] '108억' 보이스피싱 그 놈 징역 35년 선고,https://n.news.naver.com/mnews/article/448/0000434871?sid=102,"[














재판부 20억 원 추징 선고
		]"
2023-11-03 17:11:01,마약 배달·보이스피싱 낳는 ‘청소년 불법도박’…범정부 대응팀 출범,https://n.news.naver.com/mnews/article/366/0000944925?sid=101,"[




일러스트=손민균        청소년 온라인 불법도박을 근절하기 위한 ‘범정부 대응팀’이 출범했다. 여러 기관에 흩어졌던 각각의 대응책을 한군데로 모아 불법도박을 비롯해 2차 범죄 연계도 예방한다는 계획이다.정부는 3일 오후 법무부에서 온라인 불법도박 근절과 청소년 보호를 위한 ‘범정부 대응팀’ 1차 회의를 열고 ▲수사·단속 ▲치유·재활 ▲교육·홍보 ▲조사·연구 등 분야별 구체방안을 논의했다.대응팀에는 법무부, 교육부, 문화체육관광부, 보건복지부, 여성가족부, 방송통신위원회, 대검찰청, 경찰청, 사행산업통합감독위원회 등 9개 부처가 참여한다. 대응팀은 ▲청소년 상대 불법도박 사이트 운영조직에 대한 강력한 수사･단속 ▲도박사이트와 광고 신속 차단 ▲청소년기 특성에 맞는 맞춤형 예방 교육으로 도박 중독자가 되는 상황 방지 ▲도박에 노출된 청소년의 일상 회복을 위한 치유․재활 ▲정확한 실태 파악을 위한 심층적인 조사·연구 등 분야에서 실질적인 협력체계를 구축하고 주기적으로 성과와 개선 방안을 점검할 방침이다.법무부와 대검찰청은 청소년을 상대로 한 불법도박 사이트 운영조직에 대한 수사역량을 강화해 범죄단체조직·활동, 조세 포탈 등 혐의까지 의율한다. 경찰청은 내년 3월 31일까지 청소년을 유혹하는 온라인 도박사이트와 광고 매체와 청소년 도박에 대한 특별단속을 벌인다.방통위는 방송통신심의위원회와 손을 잡고 불법 사이트·도박 광고를 심의한다. 포털·소셜미디어(SNS) 등에 대한 삭제와 차단 요구·명령 절차도 진행한다. 문체부는 콘텐츠 불법유통 사이트와 사이트 내 게재 광고를 삭제하고, 여가부는 불법도박 사이트와 SNS 광고·홍보 게시글을 점검한다는 계획을 세웠다.정부는 불법도박을 더는 방치할 수 없다는 위기감에 이번 대응팀을 출범했다. 사행산업통합감독위원회의 ‘불법도박 실태조사 결과’에 따르면 지난해 전체 불법도박 매출 규모 추정액은 102조 7000억원에 이른다. 2019년 81조5000억원과 비교했을 때 약 26% 늘었다. 특히 여가부가 지난 4월 전국 중학교 1학년과 고등학교 1학년 약 88만명을 대상으로 사이버 도박 진단 조사를 진행한 결과 위험군으로 조사된 청소년은 2만8838명으로 집계됐다.불법도박에 손 덴 청소년들은 2차 범행을 저지른다는 사실도 대응팀이 출범한 계기 중 하나다. 불법도박 자금 마련을 위해 마약 배달·보이스피싱 등 2차 범죄로 연계되는 데다, 도박 빚을 감당하지 못한 청소년 가운데 일부는 삶을 등지는 등 각종 폐해가 심각한 실정이다.윤석열 대통령은 지난달 10일 온라인 불법도박으로부터 청소년을 보호하기 위한 철저한 수사와 단속 등 총력 대응을 지시하기도 했다.
]"
2023-11-02 15:04:01,"""100% 사기 전화는 이런 식""... 서울대 교수 10억 뜯긴 보이스피싱 보니",https://n.news.naver.com/mnews/article/053/0000039345?sid=102,"[




photo 게티이미지코리아중국에 근거지를 두고 가짜 검사 사무실까지 만들어 영상통화하는 등 피해자 1891명으로부터 돈을 가로챈 '기업형 보이스피싱' 조직이 경찰에 붙잡혔다. 피해 규모만 1490억 원에 달해 단일 조직 보이스피싱 범죄로는 최대 규모다. 2일 충남경찰청은 이곳 반부패·경제범죄수사대는 중국 항저우에 콜센터를 차리고 활동하던 보이스피싱 조직원 76명 중 한국인 44명을 잡았다고 밝혔다. 이들은 검찰과 금융감독원을 사칭해 올 4월까지 1490억 원에 달하는 돈을 가로챈 것으로 나타났다. 피해자 중엔 현직 대학교수와 의사 등 전문직 종사자도 다수 있었다. 한 의사 피해자는 10억 원을 뜯기기도 했다.경찰 조사 결과 일당은 검사, 검찰 수사관, 금감원 직원 등으로 역할을 분담해 3단계에 걸쳐 단계적으로 피해자를 속이는 수법을 썼다.수법을 살펴보면, 서울대 교수 A씨는 2019년 11월 서울중앙지검 검사에게서 자신의 계좌가 범죄에 이용됐다는 전화를 받았다. 놀란 A씨는 전화를 끊자마자 112에 신고했는데, 그러자 다시 검찰이라며 연락이 와서 ""아까 전화받은 내용(수사 내용)이 모두 사실""이라고 했다. A씨는 ""정상적인 자금인지 확인이 필요하다""는 말에 검사가 시키는 대로 2억 원을 건넸고, ""대출 가능 여부를 확인해야 한다""는 말에 8억 원을 대출받아 추가로 전달했다. 가짜 검사, 가짜 금융감독원 직원이 번갈아 전화하는 바람에 사기를 당한 사실은 한참 뒤에야 알아차린 것이다.다른 피해자들도 ""위조된 서류와 신분증, 검사 사무실을 영상통화로 보여주는 데서 속았다""고 진술했다고 한다. 경찰 관계자는 ""국가기관에선 절대로 영상통화로 사무실을 보여주거나 현금 제공 및 대출 실행을 유도하지 않는다는 점을 명심하라""고 당부했다.



photo 게티이미지코리아날이 갈수록 교묘해지는 보이스피싱 사건에 금융감독원이 전하는 예방 10계명은 다음과 같다. 전화로 정부기관이라며 자금이체를 요구하면 일단 보이스피싱 의심검찰·경찰·금감원 등 정부기관은 어떤 상황에서도 전화로 자금의 이체 또는 개인의 금융거래정보를 요구하지 않는다. 정부기관을 사칭, 범죄에 연루되었다며 금융거래 정보를 요구하거나 안전조치 등을 명목으로 자금의 이체 등을 요구하는 경우는 100% 보이스피싱이므로 이러한 전화를 받는 경우 전화를 끊고 해당 기관의 대표전화로 전화하여 사실여부를 반드시 확인해야 한다.▲대검찰청(☎02-3480-2000)▲경찰(☎112)▲금감원(☎1332)전화·문자로 대출 권유받는 경우 무대응 또는 금융회사 여부 확인전화 또는 문자를 통한 대출광고는 대출빙자형 보이스피싱일 가능성이 높다. 이런 연락을 받으면 반드시 금융회사의 실제 존재 여부를 우선 확인한 후, 대출을 권유하는 자가 금융회사 직원인지 또는 정식 등록된 대출모집인인지 아닌지를 확인해야 한다.▲제도권 금융회사 조회(http://www.fss.or.kr)▲대출모집인 등록 조회http://www.loanconsultant.or.kr)대출 처리비용 등을 이유로 선입금 요구 시 보이스피싱을 의심정상적인 금융회사는 전산비용, 보증료, 저금리 전환 예치금, 선이자 등 어떠한 명목으로도 대출과 관련하여 선입금 하라고 요구하지 않는다. 저금리 대출 위한 고금리 대출 권유는 100% 보이스피싱정상적인 금융회사는 저금리 대출을 받기 위해서 고금리 대출을 먼저 받으라고 요구하지 않는다. 저금리 대출을 받기 위해서는 거래실적을 쌓아야 한다며 고금리대출을 먼저 받으라고 하는 경우는 100% 보이스피싱이다. 또 대출금 상환 시에는 해당 금융회사의 계좌가 맞는지 여부를 반드시 확인해야 한다. 납치·협박 전화를 받는 경우 자녀 안전부터 확인자녀가 다쳤다거나 납치되었다는 전화를 받았을 때에는 침착하게 대처해야 한다. 사기범의 요구대로 급하게 금전을 입금하기보다는 먼저 준비해 둔 지인들의 연락처를 이용하여 자녀가 안전한지 아닌지부터 확인하는 것이 먼저다.채용을 이유로 계좌 비밀번호 등 요구 시 보이스피싱 의심정상적인 기업의 정식 채용절차에서는 급여계좌 개설 또는 보안관련 출입증 등에 필요하다면서 체크카드 및 금융거래정보(비밀번호, 인증서,OTP 등)를 절대 요구하지 않는다. 급여계좌 등록은 실제로 취업한 후에 이루어지는 것으로, 본인 명의 계좌번호만 알려주면 된다.가족 등 사칭 금전 요구 시 먼저 본인 확인가족 및 지인 등이 메신저로 금전을 요구하는 경우 반드시 유선으로 한 번 더 본인임을 확인해야 한다. 만약 상대방이 통화할 수 없는 상황 등을 들어 본인 확인을 회피하고자 하는 경우 직접 신분을 확인할 때까지는 금전요구에 응하지 말아야 한다.출처 불명 파일·이메일·문자는 클릭하지 말고 삭제출처가 불분명한 파일을 내려받거나 의심스러운 인터넷 주소가 포함된 문자를 클릭하면 악성 코드에 감염되어 개인정보가 유출될 수 있다. 악성코드 감염은 금융거래 시 파밍 등을 일으키는 주요 원인이므로 이러한 파일이나 문자는 즉시 삭제해야 한다.▲악성코드 치료 방법 : 한국인터넷진흥원(KISA)의 ""보호나라""사이트 ""알림마당""메뉴공지사항 108번 게시글 참고금감원 팝업창 뜨고 금융거래정보 입력 요구 시 100% 보이스피싱인터넷 포털사이트에 접속 시, 보안관련 인증절차를 진행한다는 내용의 금감원 팝업창이 뜨며, 이를 클릭하면 보안승급을 위해서라며 계좌번호,비밀번호, 보안카드번호 등 금융거래정보를 입력하라고 요구하면 보이스피싱(파밍)이니 절대 응해서는 안 된다.보이스피싱 피해발생 시 즉시 신고 후 피해금 환급 신청사기범에게 속아 자금을 이체한 경우, 사기범이 예금을 찾지 못하도록 신속히 경찰 또는 해당 금융회사에 전화하여 계좌에 대한 지급정지 조치를 해야 한다. 지급정지 조치 후 경찰서에 방문하여 피해 신고를 하고, 금융회사에 피해액 환급을 신청하면 된다. 해당 계좌에 피해금이 인출되지 않고 남아 있는 경우 피해금 환급제도에 따라 별도의 소송절차 없이 피해금을 되찾을 수 있다.※주간조선 온라인 기사입니다.
]"
2023-11-03 07:00:00,‘쇼핑몰 구매대행’ 신종 보이스피싱 극성… 전국 경찰에 수십건 고소,https://n.news.naver.com/mnews/article/277/0005335416?sid=102,"[




제보자가 받은 구매대행 사기 문자메시지.‘안녕하세요, 강민아 매니저입니다. 저희 쇼핑몰 거래량이 많아진 관계로 직원을 모집하게 됐습니다. 일당 10만원 이상, 초보자 평균 월 250만원 이상 수익’‘안녕하세요. 구인구직 채용 매니저 김연숙입니다! 체험단 각종 체험후기글 작성 / 별점 주기 업무, 재택근무 가능!! 일 : 8~20만원 이상 / 1개월 : 최소 263만원 이상 / 인센티브 : 월 100만원~’최근 이와 같은 쇼핑몰 구매대행 방식의 보이스피싱 범죄가 기승을 부리고 있다. 이미 경찰에는 여러 건의 피해 사례가 접수돼 수사가 진행되고 있다. 구매대행 사기 피해자 A씨의 제보 내용을 토대로 신종 구매대행 사기 범행이 이뤄지는 과정을 재구성했다.경제적 어려움 겪는 사람 타깃… 피해자 자금으로 자발적 구매 유도기존 보이스피싱이 피해자 계좌이체를 통해 범인 계좌로 송금하거나 현금을 인출해 전달하도록 했던 것과 달리 구매대행 사기는 피해자가 자신의 돈으로 범인이 지정한 쇼핑몰에서 물품을 구매해 지정된 배송지로 배송시킨다. 외형적으로는 직접 돈을 보내라고 요구하는 것이 아니라 일정한 미션을 준 뒤, 미션을 완수하면 들어간 비용에 수당을 합쳐 되돌려주는 형태다. 이처럼 ‘구매대행’ 업무를 수행하는 직원으로 채용되는 방식이다 보니, 사기라는 사실을 깨닫기 전까지 자기 돈을 들여 점점 고가의 물품을 구매하면서 피해 금액이 늘어난다.이들이 보내는 피싱 메시지는 솔깃하다. ▲나이·학력·성별 무관 ▲자유로운 근무시간(근무 요일·시간 선택 가능) ▲고소득 보장 등 충분히 끌리는 조건이다. ▲4대 보험 미적용조차 부업으로 가능하다는 조건이다. 즉, ‘통장에 잔고가 있거나, 대출을 받을 수 있는 인터넷 혹은 스마트폰 이용 가능자’면 이들의 타깃이 된다.



보이스피싱 이미지.문자메시지→카카오톡(개인 미션)→텔레그램(단체 미션) 순차 안내보이스피싱 일당은 처음엔 구인 광고 문자메시지를 이용한다. 광고 문자에 포함된 카카오톡 아이디를 검색해 친구로 추가한 뒤 1:1 채팅을 통해 말을 걸면 범인 입장에선 절반은 성공이다. A씨도 이렇게 걸려들었다. '매니저'라는 직함을 가진 범인 일당이 인사를 건네며, 이름과 나이, 근무 가능시간 등 기초적인 정보를 묻는다. 이후에는 미리 준비된 매뉴얼에 따라 십여개의 카카오톡 메시지를 연속적으로 보내 업무 내용을 설명했다.“대형 온라인 쇼핑몰에서 요구하는 물량을 우리가 공장가로 구매한 후 도매가로 판매해서 중간에 남는 마진을 수익으로 배당한다. 당신은 쇼핑몰 주문 건을 물류회사에 대리주문을 넣으면 된다.” 처음 시작은 5만원 정도의 소액이었다. 타깃이 지시받은 개인 미션을 수행하면 매니저는 타깃에게 적립된 포인트를 확인하고 현금으로 전환해 출금시킨다. A씨의 계좌엔 물품구매 대금으로 사용한 5만원에 10%의 수익금 5000원이 더해져 총 5만5000원이 물건을 구매한 쇼핑몰의 포인트로 적립됐다. 통장으로 인출하면 실제 출금이 됐다. A씨 등 타깃은 이 단계에서 ‘혹시 사기 아냐'라는 의심을 거두고 적극적으로 나선다.



매니저가 제보자에게 출금을 실행해볼 것과 그룹업무에 참여할 것을 권유하는 카카오톡 대화 메시지 캡처.‘남에게 피해를 줄 순 없지’… 심리를 이용한 단체 미션이 단계가 되면 매니저는 단체 미션(그룹업무)을 제안한다. 개인 미션에 비해 훨씬 많은 물품을, 고가로 구입하기 때문에 그만큼 큰 수익을 거둘 수 있다고 유혹한다. 매니저는 카카오톡 대신 보안성이 뛰어난 텔레그램을 사용하도록 유도한다. 여기까지가 카카오톡에 등장한 첫 번째 매니저의 임무다.텔레그램에선 두 번째 매니저가 등장해 다른 타깃들이 멤버인 그룹방으로 초대한다. 그룹방에서는 개인 미션보다 훨씬 고가의 물품을 구입하라는 미션을 준다. 수십만~200만원대의 가전제품을 구입해야 한다. A씨에겐 총 10회에 걸친 단체 미션이 주어졌는데, 누군가 단체 미션을 중간에 중단할 경우 2주가 지나야 적립된 포인트를 출금할 수 있다고 겁을 줬다. A씨는 고가의 물품을 자비로 구입해야 하는 미션이 부담스러웠지만, 내가 할당된 주문을 제대로 처리하지 못하면 다른 회원에게 피해가 돌아간다는 생각 때문에 중간에 포기하기 어려웠다. 하지만 거듭된 고가 물품 구매 요구에 A씨는 더 감당할 수 없는 상황에 이르렀고, 10회 중 5회까지라도 진행을 하면 14일의 출금제한 기간을 7일로 앞당겨준다는 말에 속아 결국 통장에 남은 잔고를 모두 소진해 5회 미션을 완수했다. 며칠 만에 400만원이 넘는 자기 돈을 들여 할당된 물품을 구매했고, 그로 인해 발생한 수익금까지 583만원의 포인트가 적립됐다. A씨가 적립된 포인트를 현금으로 전환해 인출하기 위해 쇼핑몰 사이트에 접속하니, 사이트가 열리지 않았다. A씨가 텔레그램으로 매니저에게 “홈페이지가 안 열린다”고 묻자, 매니저는 “현재 서버 오류 점검 중이니 기다려 달라”고 답했다. 



제보자가 두 명의 매니저에게 쇼핑몰 사이트가 폐쇄됐음을 알리며 항의한 카카오톡·텔레그램 대화 내용 캡처.끝까지 멈추지 않은 사기… “금감원에 적발됐다”잠시 후 매니저가 다른 쇼핑몰 사이트 주소를 알려주며 “재가입후 아이디를 알려달라”라고 말했다. A씨가 매니저가 알려준 사이트에 다시 회원 가입을 마치니 사라진 줄 알았던 583만원이 그곳에 남아있었다. 이때까지만 해도 A씨는 자신이 또 다른 사기를 당하고 있다는 사실을 깨닫지 못했다. 문제는 이번엔 바로 인출이 안 된다는 점이었다. 매니저는 며칠 뒤 정상 영업 시간 중에 만원 단위로 전액 출금이 가능하다고 안내했다. 인출이 가능하다고 안내받은 날이 되자 A씨가 적립된 포인트를 인출하려고 했지만 불가능했다. A씨는 매니저가 안내해준 경로로 '쇼핑몰 상담센터'와 카카오톡 상담을 진행했다. 당연히 상담센터도 사기범 일당이다.상담센터에서는 금융감독원 공문처럼 위조한 가짜 문서를 전달했는데, A씨가 운 나쁘게 금감원 모니터링에 비정상적 소득으로 적발됐다는 내용이었다. 정확한 조사를 위해 인지세를 납부해야 하고, 금감원 조사에 불응하면 불이익은 A씨의 책임이라는 허위 내용이었다.상담센터는 A씨가 세무조사를 받게 되는데, 미납 세금을 상담센터를 통해 납부하면 벌금은 면제된다고 A씨를 계속 속였다. A씨에게 적립된 포인트 583만원에 대한 세금 193만원을 납부하면, 수수료는 회사에서 보상해주겠다는 것이었다. 요약하면, A씨는 400만원이 넘는 자기 돈을 써서 사기범들이 지정한 물건을 사주고 포인트 180만원을 배당받았는데, 자기 돈을 더 들여서 포인트보다 많은 193만원의 '세금'을 사기범들에게 건네줘야 나머지 잔액이라도 돌려받을 수 있다는 것이었다.



쇼핑몰 삼당센터의 안내 카카오톡 메시지 캡처.보이스피싱 일당은 구매대행 사기로 이미 400만원이 넘는 돈을 A씨로부터 편취한 상태에서, 세금 운운하며 190여만원을 추가로 편취하려 한 셈이다. A씨는 돈을 보내지 않고 항의했지만, 일당은 이후 A씨와의 연락을 끊었다. 지난달 10일 처음 구직 광고 문자메시지를 받고 나서 열흘 만에 A씨는 처음부터 모든 게 사기였음을 깨달았다.



인천 서구 심곡동 인천서부경찰서. 사진=인천서부경찰서 홈페이지경찰, 유사 사건 확인 중… “범인 검거가 최우선”A씨는 지난달 23일 인천서부경찰서에 고소장을 냈다. 현재 전국 각 경찰서에는 A씨처럼 구매대행을 빙자한 보이스피싱 사기 사건이 수십건 이상 고소된 것으로 알려졌다.경찰청은 전국 각 경찰서에 접수된 사건을 검토하며 범행에 사용된 카카오톡 계정 또는 은행계좌 명의자를 확인하고 있다. 경찰 관계자는 “구매대행 보이스피싱 사기로 피해 금액을 최대한 확보해 피해자들이 돌려받을 수 있게 하겠다”며 “다만 피의자를 검거한 뒤 그의 재산이 범죄 수익이라는 점을 입증해야 하므로 현재로선 피의자 특정에 집중하고 있다”고 말했다.A씨는 “실질적으로 사기 피해가 증빙된 사람에 한해서라도 정부가 채무상환 유예 등 구제책을 좀 마련해줬으면 하는 바람이다”라고 말했다.
]"
2023-11-04 14:22:07,[이미선의 영화로 경제 읽기] 더 교활해진 보이스피싱… `구매대행`도 조심하세요,https://n.news.naver.com/mnews/article/029/0002834735?sid=101,"[
			*영화의 주요 내용을 포함한 스포일러가 있을 수 있습니다*영화 '보이스'는 부산 건설현장에서 일하는 서준(변요한)이 같이 일하는 직원들과 가족이 보이스피싱에 당하자 중국에 위치한 본거지 콜센터에 잠입하며 벌어지는 이야기를 그린다. 서준은 그곳에서 아내가 처음 들었던 보이스피싱 목소리의 주인공이자 기획실 총책인 곽프로(김무열)를 만난다. 곽프로는 ""팩트 체크는 구라의 기본""이라고 강조하며 매번 새로운 프로젝트를 기획한다. 일례로 필리핀 유학생 자녀를 둔 부모에게 사기를 치기 위해서 '필리핀 유학생들 범죄 증가율이 12% 상승했다'는 점에 주목한다. 그러더니 ""유학 간 자녀가 사고를 쳐서 합의금이 필요하다""는 말로 사기를 벌이기로 한다.실제 보이스피싱과 스미싱(문자 사기) 수법은 날로 교묘해지고 있다. 결제 문자, 택배 문자부터 심지어는 부고 문자까지 보내 링크를 클릭하도록 유도하고 개인 정보를 탈취한다.최근엔 단기 아르바이트 모집으로 속여 돈을 갈취하는 수법도 등장했다. 자신을 채용 매니저라고 소개하며, 구매 대행 후 사용 후기를 남기면 구매비와 수수료를 준다는 방식으로 사람들을 유인하는 것. 피싱 조직은 피해자들에게 정해진 횟수를 채워야 수익금 정산이 가능하다며 구매 대행을 반복하도록 만든다. 피해자들이 중간 정산을 요구하자, 여러가지 핑계를 대고 수익금 지급을 미루다가결국 사이트를 폐쇄하고 잠적한다.모바일 환경에 익숙하지 않은 60대 이상 고령층 뿐만아니라 2030세대도 피싱 피해로부터 안전하지만은 않은 것으로 나타났다.국회 정무위원회 소속 민병덕 더불어민주당 의원실이 금융감독원으로부터 받은 자료에 따르면, 2030의 보이스피싱 피해액은 지난해 145억원에서 올해 9월 302억원까지 늘었다. 민 의원은 ""지금은 통화 녹음 30초, 얼굴 영상 30초만 있으면 인공지능(AI)가 특정인의 목소리와 외모를 완전히 복제할 수 있을 정도로 기술이 고도화된 상태""라고 말하며 피싱 피해를 선제적으로 예방하는데 한계가 있다고 지적했다.영화 '보이스'도 보이스피싱과의 전쟁은 여전히 끝나지 않았음을 암시하며 끝난다. 서준의 활약으로 보이스피싱 조직 검거는 성공했지만, 조직원 중 살아남은 한 명이 개인 정보 리스트를 갖고 다른 조직의 우두머리를 찾아가 ""큰 돈을 벌고 싶다""는 말을 남기며 영화가 마무리된다.교묘해지는 피싱 사기에 금융감독원은 자금이체 요구 시 사기를 의심할 것 등 '보이스피싱 피해 예방 10계명'을 강조하고 있다. 영화에 등장하는 경찰 규호(김희원)도 ""수상한 전화는 받지 마시고 돈 얘기가 나오면 무조건 끊으십시오""라고 말한다.  그리고 가장 중요한 말도 덧붙인다. ""많은 피해자 분들이 자책을 많이 하는데 피해자분들의 잘못이아닙니다""



구매대행 사기 문자 메시지.     
]"
2023-11-01 17:51:49,1891명에게서 1500억 뜯었다…보이스피싱 조직원 중국서 44명 검거,https://n.news.naver.com/mnews/article/421/0007148343?sid=102,"[
'역대 최대규모 피해'…충남경찰, 12명 구속송치 지난 6월 일부 조직원 구속 후 수사 계속…국내에 총책·핵심조직원 활동 중



충남경찰청 전경./뉴스1  (충남=뉴스1) 김낙희 기자 = 충남경찰청은 지난 10월 말 중국 내 전화금융사기(보이스피싱) 조직의 한국인 콜센터 조직원 44명을 검거하고 이중 12명을 구속 송치했다고 1일 밝혔다.이들은 2017년 12월부터 지난 4월까지 검찰과 금융감독원 직원 등으로 속여 국내 피해자 1891명으로부터 모두 1500여억원을 가로챈 혐의를 받는다.전화금융사기 단일 조직으로는 피해자 수와 피해 금액 모두 역대 최고 규모인 것으로 알려졌다.경찰은 지난 6월 조직원 일부를 붙잡아 구속한 뒤 최근까지 관련 수사를 계속해왔으며, 수사 초기 알려진 피해 규모보다 훨씬 더 컸고 다른 사건들도 이들의 소행으로 파악됐다.이들은 중국 수사당국(인터폴)의 공조를 거쳐 국내로 강제 송환되거나 과거 중국에 머물며 전화금융사기에 가담한 사실이 뒤늦게 파악돼 국내에서 붙잡힌 것으로 확인됐다.검찰 수사관, 검사, 금감원 직원을 사칭한 이들은 주로 피해자에게 △계좌 명의도용 △자금 추적 등으로 꾀어 계좌 내 현금인출을 유도한 것으로 조사됐다.특히 전화금융사기를 의심하는 피해자에게는 위조 검사 신분증과 가짜 검사 사무실을 영상통화로 보여주는 등 치밀함을 보였다고 경찰은 설명했다.충남경찰청 관계자는 “그들은 중국 현지에서 전화금융사기 조직을 운영하고 있다”면서 “국내에서도 총책과 핵심 조직원들이 활동하는 것으로 보고 수사를 확대하고 있다”고 말했다.
		]"
2023-11-02 05:03:52,[단독] 군청 홈피서 보고 취업했는데… 보이스피싱 수거책 된 구직자,https://n.news.naver.com/mnews/article/081/0003405127?sid=102,"[
채용 플랫폼 넘어 지자체 게시판까지 파고든 ‘불법 알바’



보이스피싱 이미지. 서울신문DB군청 홈페이지 구인 정보 게시판에 올라온 채용 공고를 보고 부동산 현장 실사 일을 하게 된 A씨는 최근 전화금융사기(보이스피싱)에 연루돼 재판을 받고 있다. 당시 A씨에게 지시를 내린 담당자는 각종 부동산 사진 촬영과 함께 카드사 대행 업무라면서 현금 받아 오는 일을 맡겼다. A씨는 1일 “월급날이 되자 연락이 끊겼다”면서 “이후 수사가 시작되면서 카드사 대행 업무가 아니라 보이스피싱 피해금을 전달하는 일이었다는 걸 알게 됐다”고 토로했다.●“선별된 업체라 여겼는데 속았다”채용 플랫폼뿐만 아니라 지방자치단체 게시판에도 정상적인 채용 공고로 위장한 보이스피싱 아르바이트 공고가 무차별적으로 게재되면서 자신도 모르게 범죄에 연루되는 경우가 발생하고 있다. 구직자들은 지자체 홈페이지에 올라온 공고인 만큼 선별된 업체라고 여겨 별다른 의심 없이 업체에 연락한 것으로 파악됐다. 지자체 홈페이지 내 채용 공고나 자유게시판 등은 사전·사후 관리가 제대로 이뤄지지 않는다는 점을 범죄자들이 교묘히 파고든 것이다.지난 9월에도 경기도 내 여러 지자체의 자유게시판에 “주변 시설을 사진이나 동영상으로 찍어 보내는 시장조사 보조 업무를 한다”는 채용 공고가 동시다발적으로 게시됐다. 이미 같은 공고를 보고 현금 수거책으로 동원됐던 B씨가 서울 용산경찰서에서 사기 혐의로 수사를 받고 있었지만 채용 공고가 삭제되는 등의 별도 조치는 취해지지 않았다. B씨는 부동산 현장 답사를 주로 했고 간혹 현금을 받아 오거나 다른 곳에 송금하라는 지시를 받았다.●공고 낸 ‘몸통’ 못 잡고 구직자 처벌강신하 법무법인 상록 변호사는 “채용 플랫폼이나 여러 홈페이지에 게재된 채용 공고를 경찰에 신고해도 조치가 취해지지 않는 경우가 많다”며 “공고를 보고 범죄에 동원된 이들만 처벌하기보다는 공고를 올리는 이들에 대한 수사가 강화돼야 한다”고 말했다.경찰 관계자는 “가명이나 차명을 쓰는 경우가 많아 수사에 어려움이 있다”며 “대면 면접을 보지 않거나 짧은 시간에 고수익을 올린다는 내용이 있다면 보이스피싱 범죄와 관련이 있을 수 있다고 의심해야 한다”고 설명했다.
		]"
2023-10-30 14:49:09,"새마을금고, 보이스피싱 예방 우수직원 12명 포상",https://n.news.naver.com/mnews/article/018/0005607664?sid=101,"[
""보이스피싱 예방 위한 다각적 노력 추진""



[이데일리 김국배 기자] 새마을금고중앙회는 올해 3분기 보이스피싱 피해예방 우수 새마을금고 직원 12명에 대해 포상을 수여했다.올해 들어 매분기 포상을 진행하고 있는 새마을금고는 1분기에는 12명, 2분기에는 15명에게 포상을 수여했다. 포상 대상은 새마을금고 영업점을 방문한 고객의 보이스피싱 징후를 포착하고, 피해·범죄 사실을 경찰에 신고하는 등 직접적인 고객 피해를 예방한 임직원이다.새마을금고중앙회는 이러한 포상을 통해 보이스피싱 피해 예방에 기여한 새마을금고 임직원의 공로를 치하하고 업무 관심도를 제고시켜 궁극적으로 새마을금고 이용 고객 피해 예방을 강화할 수 있을 것으로 기대하고 있다.이밖에도 새마을금고중앙회는 모니터링을 통해 자금이 인출되기 전 계좌 출금을 막아 피해를 예방하고 금융사기를 차단하는 등 새마을금고 이용 고객들의 피해 최소화를 위해 노력하고 있다. 또한 지난 7월부터 고객이 이용하는 금융사의 입출금 계좌를 일시에 지급 정지할 수 있는 ‘본인계좌 일괄 지급정지 서비스’를 도입·운영하고 있다.새마을금고중앙회 관계자는 “보이스피싱을 예방하기 위한 다각적인 노력을 추진중”이라며 “새마을금고의 고객 보호를 위해 최선을 다하겠다”고 밝혔다.
]"
2023-10-26 16:07:32,"""보이스피싱 같아요""…KTX서 벌벌 떨던 승객 보호한 열차 팀장",https://n.news.naver.com/mnews/article/003/0012171511?sid=102,"[
대전서 서울역까지 KTX 이동 중 도움 요청'열차에 조직원 있을지 모른다' 두려움 떨어서울역에 경찰 6명 출동…1000만원 피해 예방



[서울=뉴시스] 보이스피싱 사기 조직에 1000만원의 큰돈을 사기당할 위기에 놓인 20대 여성을 안전하게 도운 한국철도공사(코레일) 직원들의 사연이 뒤늦게 알려졌다. 사진은 노현호(왼쪽) 열차팀장과 심혜선 승무원. 2023.10.26. (사진=코레일 제공) photo@newsis.com *재판매 및 DB 금지[서울=뉴시스] 홍찬선 기자 = 보이스피싱 사기 조직에 1000만원의 큰돈을 사기당할 위기에 놓인 20대 여성을 안전하게 도운 한국철도공사(코레일) 직원들의 사연이 뒤늦게 알려졌다.26일 코레일에 따르면 지난 16일 오후 6시30분께 대전역을 출발한 서울행 KTX 제48 열차를 순회하던 노현호 열차팀장이 울고 있는 20대 여성 승객을 발견했다. 해당 여성은 ""보이스피싱 범죄에 당하고 있다는 것 같다""는 내용의 휴대전화 화면을 노 팀장에게 건넸다.이 여성은 1000만원을 갖고 서울중앙지검으로 오라는 보이스피싱 범죄조직의 전화를 받고 대전에서 서울로 가던 중 불현듯 보이스피싱일지 모른다는 상황을 깨닫고 도움을 요청한 것이다. 그런데 20대 여성은 영상통화로 본인의 인상착의와 주민등록증, 승차권 내역까지 사기범들에게 이미 전달한 상황이어서 자신이 탄 열차에 사기 조직원들이 있을지 모른다는 불안함에 떨고 있던 상황이었다.이에 노 팀장은 해당 여성 승객을 안심시킨 후 112에 즉시 신고해 구체적인 범죄 정황을 설명했다. 이어 도착역인 서울역까지 심혜선 승무원(코레일관광개발) 과 승객을 안심시키고 부모님과 통화할 수 있도록 했다.여기서 노 팀장의 기지가 발휘된다. 서울역에 열차가 도착하기 전 이 여성이 탑승한 12호차가 아닌 1호차에서 경찰과 만날 수 있도록 요청했다. 해당 여성의 정보가 노출된 상황에서 혹시 감시할지 모르는 사기조직원들을 피하기 위한 묘책이었던 것이다.KTX 열차가 서울역에 도착하면서 1호차 앞에는 경찰 6명이 배치돼 있었고, 승객은 경찰의 안내에 따라 무사히 역을 나설 수 있었다. 특히 1000만원의 사기 피해도 예방할 수 있었다.해당 내용은 해당 승객이 자신이 처한 위기에 대응해 준 코레일 직원에 보낸 감사편지 내용이 외부에 알려지면서 화제가 됐다.노현호 열차팀장은 ""승객 안전을 보호하는 것은 코레일 직원으로서 당연한 의무”라며 “앞으로도 모든 고객이 KTX를 타고 안전하게 여행하실 수 있도록 승객 한분 한분을 최선을 다해 안내하겠다”고 소감을 밝혔다. 한편 한문희 코레일 사장은 적극적인 자세로 고객을 보호한 노현호 열차팀장과 심혜선 승무원에게 직접 서신을 보내 격려하고, 표창을 수여할 예정이다．
]"
2023-10-27 12:49:32,똑부러진 2030도 당했다…보이스피싱 피해액 300억 '작년 2배',https://n.news.naver.com/mnews/article/421/0007137704?sid=102,"[
민병덕 의원 ""피싱 수법 고도화, 사후약방문으론 해결 안돼""



민병덕 국회의원.(안양=뉴스1) 최대호 기자 = 흔히 모바일 환경에 익숙지 않은 60대 이상 고령층이 취약한 것으로 알려졌던 보이스피싱 피해로부터, 2030세대도 안전하지만은 않은 것으로 나타났다.민병덕 더불어민주당 국회의원(경기 안양동안갑·정무위원회)이 금융감독원으로부터 제출받은 자료에 따르면, 2030세대의 보이스피싱 피해액은 지난해 145억원이었던 것이, 올해는 9월까지 확인된 피해액만 이미 302억원에 달했다.이는 금감원에 접수된 계좌이체형 보이스피싱 피해구제신청접수 기준으로 이미 작년 피해액의 두 배를 돌파한 것이다.상대적으로 보이스피싱 피해의 안전지대로 여겨졌던 2030세대의 피해가 1년 사이 많이 늘어난 것은, 피싱 기술도 AI기술 발달에 따라 가족이나 지인의 목소리, 얼굴까지 복제해 이용하는 등 몇 년 사이 급격하게 고도화됐기 때문으로 분석된다.날로 심각해지는 보이스피싱에 대응하기 위해 정부는 지난 9월 국무조정실, 금융위원회, 경찰청, 방송통신위원회, 과학기술정보통신부, 금융감독원 등이 합동으로 '전기통신금융사기 통합신고·대응센터'를 개설해 한 번의 신고로 사건처리와 피해구제까지 원스톱으로 처리하는 시스템을 구축하겠다고 발표했다.하지만 이 또한, 보이스피싱 피해 발생 후 신속한 처리에는 도움이 되지만 선제적으로 피해 발생을 예방하기에는 한계가 있을 수밖에 없다는 지적이 나온다.민병덕 국회의원은 ""지금은 통화 녹음 30초, 얼굴 영상 30초만 있으면 AI가 특정인의 목소리와 외모를 완전히 복제할 수 있을 정도로 기술이 고도화된 상태""라며 ""신속한 사후 처리만큼 중요한 것이 선제적·사전적 보이스피싱 예방인데 금융 당국이 정부, 통신사, 금융사, 스마트폰 제조사 등 공공과 민간을 아우르는 종합적 대책을 준비하고 있는지 의문""이라고 지적했다.
		]"
2023-10-30 16:57:01,"국민은행, 보이스피싱 피해예방 ‘KB라이브’ 이벤트 진행",https://n.news.naver.com/mnews/article/117/0003783596?sid=103,"[




/KB국민은행[마이데일리 = 구현주 기자] KB국민은행이 보이스피싱 피해예방을 위한 ‘KB라이브’ 사전 이벤트를 진행한다고 30일 밝혔다.‘KB라이브’는 KB스타뱅킹 라이브 방송 서비스다. 내달 21일 라이브는 보이스피싱 피해 사례와 예방법을 공유하고, KB스타뱅킹 내 보이스피싱 악성 앱(애플리케이션) 탐지 서비스 등 정보를 제공할 예정이다.이번 이벤트는 내달 21일까지 KB스타뱅킹에서 이벤트에 응모하고 KB라이브에 참여한 고객을 대상으로 진행된다. 라이브방송 시청 중 △실시간 추첨 이벤트 당첨 고객 50명에게 BHC 뿌링클 치킨·콜라 세트 쿠폰 △댓글 소통 고객 10명에게 CU 5000원권 모바일 쿠폰 △5분 이상 시청 완료한 고객 100명에게 스타벅스 아메리카노 쿠폰을 제공한다.국민은행 관계자는 “앞으로도 고객이 안전하고 마음 편히 금융생활을 하도록 노력하겠다”고 말했다. 
]"
2023-11-03 15:53:01,"[피플&amp;피플] ""베트남으로 7,100만원이나 송금을?""…보이스피싱 피해 막은 농협 직원 기지",https://n.news.naver.com/mnews/article/087/0001004561?sid=102,"[
농협 강릉시지부 김찬유 계장보이스피싱 의심되자 기지 발휘



◇고객의 보이스피싱 피해 막은 김찬유 계장 사진=농협 강릉시지부 제공농협 직원이 기지를 발휘해 고객의 보이스피싱 피해를 막은 사연이 알려져 화제를 모으고 있다. 주인공은 NH농협은행 강릉시지부의 김찬유 계장.3일 농협 강릉시지부에 따르면 지난 2일 오전 11시께 60대 여성 A씨가 농협을 방문해 김찬유 계장에게 해외 송금을 부탁했다. 하지만 김찬유 계장은 베트남에 거주하는 아들 B씨에게 한화 약 7,100만원을 송금한다는 A씨의 행동이 불안해보였고, 전기통신담당자인 정인선 차장과 함께 A씨의 폰을 확인한 결과 녹취 어플이 작동되고 있는 등 보이스피싱 의심 정황을 확인했다.이에 B씨와 직접 통화한 이들은 말투 등으로 미루어보아 보이스피싱임을 확신할 수 있었다. 이후 송금 절차를 즉각 중단한 뒤 자초지종을 확인한 결과, 앞서 3개월 전에도 보이스피싱 피해를 입은 A씨는 자신을 검사라고 소개한 B씨가 해당 사건을 해결할 목적으로 거액의 해외 송금을 유도했다고 토로했다. 농협 직원들의 추궁에 A씨는 B씨가 자신의 아들이 아니며 검사를 사칭해 자신에게 접근했다고 수긍했다.농협 직원들의 도움이 없었더라면 A씨는 7,100만원에 달하는 보이스피싱 피해를 입을 수도 있었다.A씨는 ""두 번이나 보이스피싱 당할뻔했는데 끝까지 말려줘서 고맙다""고 감사함을 표했다.농협은 향후에도 관련 메뉴얼에 따라 보이스피싱 예방에 앞장설 방침이다.김찬유 계장은 ""보이스피싱이 의심돼 금융사기 메뉴얼에 따라 대처했다""며 ""고객님의 소중한 돈을 지키고 피해를 막아 다행이고 기쁘다""고 말했다.
]"
2023-10-22 07:25:05,5년간 농협 보이스피싱 피해 2278억원…환급액 322억,https://n.news.naver.com/mnews/article/003/0012160442?sid=102,"[
피해 건수 1만5437건, 환급액 322억원 그쳐정희용 의원 ""보이스피싱 척결 힘써야""



[서울=뉴시스] 조성봉 기자 = 정희용 국민의힘 의원이 13일 오후 서울 여의도 국회에서 열린 농림축산식품해양수산 국정감사에서 질의를 하고 있다. 2023.10.13. suncho21@newsis.com[칠곡=뉴시스] 박홍식 기자 = 최근 5년간 농협을 통한 보이스피싱 피해는 1만5437건, 2278억1200만원에 달하는 반면, 피해자의 보이스피싱 범죄 피해 환급액은 322억원에 그친 것으로 나타났다.국회 농림축산식품해양수산위원회 정희용 국민의힘 의원(경북 고령·성주·칠곡)은 농협은행으로부터 제출받은 '2018~2023년 8월 보이스피싱 피해 및 환급 현황' 자료를 분석한 결과 이같이 집계됐다고 22일 밝혔다.농협을 통한 보이스피싱 피해자의 피해 신고액은 ▲2018년 375억4600만원 ▲2019년 663억2400만원 ▲2020년 331억3500만원 ▲2021년 335억3300만원 ▲2022년 268억3100만원 ▲2023년 8월 기준 304억4300만원을 기록했다.그러나 피해자가 보이스피싱 범죄를 인지해 농협에 신고 후 돌려받은 환급액은 ▲2018년 76억5700만원 ▲2019년 115억4000만원 ▲2020년 41억9500만원 ▲2021년 41억3300만원 ▲2022년 29억3300만원 ▲2023년 8월 17억4200만원 등 총 322억원에 불과했다.지역별 보이스피싱 피해 건수는 경기도가 3313건으로 가장 많았다.이어 서울시 2286건, 경남 1399건, 경북 938건, 부산시 890건, 전북 890건 등이다.유형별 건수는 '대출을 빙자한 사기'(50.6%)와 '피싱 사기'(49.4%)로 구분됐다. 피해액은 피싱 사기가 1204억400만원(52.9%)으로 대출빙자 사기액 1074억800만원보다 소폭 많았다. 지난해 기준 대출빙자 사기 건수 비율은 감소했지만 피싱 사기 건수 비율은 2018년 28.9%에서 86.6%로 늘었다.정희용 의원은 ""피해자에게 물질적 피해에 더해 극심한 정신적 피해를 주는 만큼 유관기관은 보이스피싱 척결을 위한 방안 마련에 더욱 힘써야 할 것""이라고 말했다．
]"
2023-11-03 09:42:10,"""천만원 수표 현금으로""…보이스피싱 직감한 은행 직원에 덜미",https://n.news.naver.com/mnews/article/421/0007151829?sid=102,"[
피해 금액 1300만원 중 1000만원 회수



혜화경찰서 ⓒ News1 이비슬 기자(서울=뉴스1) 조현기 기자 = 은행에서 수표 1000만원을 현금으로 바꾸려고 했던 보이스피싱(전화금융사기) 인출책이 한 직원의 기지로 경찰에 붙잡혔다.서울 혜화경찰서는 지난 2일 사기방조 혐의를 받는 20대 남성 A씨를 검거했다고 3일 밝혔다.A씨는 전날 오후 4시쯤 서울 종로구의 한 은행에서 수표 1000만원을 현금으로 바꿔 범죄 일당에게 전달하려 한 혐의를 받는다.경찰에 따르면 은행원이 A씨가 큰 금액의 수표를 현금으로 바꾸려고 하자 수상히 여겨 경찰에 신고했다. 이 은행원의 기지 덕분에 보이스피싱 피해자는 피해 금액 1300만원 중 1000만원을 되찾을 수 있게 됐다.
		]"
2023-10-31 10:56:02,11월부터 ‘대면 편취형’ 보이스피싱 피해자도 구제된다,https://n.news.naver.com/mnews/article/022/0003870001?sid=102,"[
개정 통신사기피해환급법 시행‘범죄수익 비례 벌금제’도 도입 



  다음 달부터는 보이스피싱 사기범이 피해자를 직접 만나 현금을 가로채는 이른바 ‘대면 편취형’ 보이스피싱 피해도 구제받을 수 있는 길이 열린다.     31일 법제처 등에 따르면 이 같은 내용을 골자로 한 개정 ‘전기통신금융사기 피해 방지 및 피해금 환급에 관한 특별법’(통신사기피해환급법)이 오는 17일 시행에 들어간다.     보이스피싱 피해자가 현금을 출금해 대면으로 전달한 경우엔 현행법상 ‘전기통신금융사기’에 해당하지 않아 피해 구제가 어려웠다. 스마트폰 등 전기통신 기기를 이용한 금융사기만 전기통신금융사기로 보고 있기 때문이다.     이런 사각지대를 해소하기 위해 개정법엔 ‘자금을 교부받거나 교부하도록 하는 행위’, ‘자금을 출금하거나 출금하도록 하는 행위’가 수반되는 사기도 전기통신금융사기에 포함됐다.     자금의 교부·출금 행위를 통한 전기통신금융사기인 경우, 수사기관이 피해자와 피해금을 특정해 금융회사에 사기 이용 계좌의 ‘지급 정지’를 요청할 수 있다. 이 요청을 받은 금융회사는 다른 금융회사의 사기 이용 계좌로 피해금이 송금·이체된 경우에 해당 금융회사에 필요한 정보를 제공하고 지급 정지를 요청해야 한다. 금융회사들은 거래 내역 등을 확인해 사기 이용 계좌로 의심할 만한 사정이 있다고 인정되면 즉시 해당 계좌에 대해 지급 정지 조치를 취해야 한다.     아울러 전기통신금융사기 범죄를 저지른 사람에 대해서는 1년 이상의 유기징역과 범죄수익의 3배 이상 5배 이하에 상당하는 벌금에 처하는 ‘범죄수익 비례 벌금제’가 도입된다.
]"
2023-11-06 05:01:41,"울산 울주 범서농협, 보이스피싱 피해 예방교육",https://n.news.naver.com/mnews/article/662/0000031403?sid=102,"[




 울산 울주 범서농협(조합장 김숙희)이 10월31일 본점에서 농민 70여명을 대상으로 전화금융사기(보이스피싱) 피해 예방 교육을 펼쳤다(사진).이번 교육은 최근 비대면 금융거래가 증가하면서 가족과 지인을 사칭한 문자메시지(SMS)·이메일 등을 이용한 사기 피해가 늘어나는 것과 관련해 이를 예방하기 위해 마련됐다.김숙희 조합장은 “농협에서 진행하는 교육과 홍보에 관심과 참여를 부탁한다”고 말했다.
]"
2023-11-01 16:37:29,침착하게 건 112도 '가짜'…서울대 교수 10억 뜯어간 피싱 수법,https://n.news.naver.com/mnews/article/025/0003318538?sid=102,"[
  



검찰과 경찰, 금감원 등을 사칭해 대환대출과 현금 인출을 요구하는 보이스피싱 사기 범죄가 끊임없이 발생하고 있는 가운데 충남 논산 국도변에 논산경찰서가 설치한 보이스피싱 범죄 예방을 계도하는 대형 간판이 눈길을 끌고 있다. 프리랜서 김성태     ━   검사·금융감독원 직원 사칭       경찰이 단일 조직으로 최대 규모 사기 행각을 한 기업형 보이스피싱 조직을 검거했다.      충남경찰청 반부패·경제범죄수사대는 1일 중국 항저우(杭州)에 근거지를 두고 전화금융사기 범죄를 저지른 보이스피싱 조직원 44명을 검거했다. 경찰은 이중 총책 등 12명을 특정경제범죄 가중처벌 등에 관한 법률 위반(사기) 등 혐의로 구속했다. 이들에게 당한 피해자는 1890여 명이며 뜯긴 금액은 1491억원에 달한다. 경찰은 나머지 조직원 30여 명을 쫓고 있다.      이번에 잡힌 보이스피싱 조직은 2017년 항저우에 한국인과 조선족 등으로 구성한 보이스피싱 콜센터를 만든 뒤 지난 4월까지 검찰·금융감독원 직원을 사칭해 사기를 저질렀다고 한다. 전체 조직원은 76명으로 추정하고 있다. 경찰은 2021년 8월부터 2년여간 이들을 추적한 끝에 한국인 총책 A씨 등을 검거해 최근 검찰에 송치했다.     



국회 정무위원회 소속 강민국 의원실이 금융감독원에서 제출받은 자료에 따르면 지난 2018년부터 올해 7월까지 발생한 기관 사칭형 보이스피싱은 2만550건에 달했다.   연합뉴스     ━   “계좌 범죄 연루됐다” 현금 인출 유도       피해자 상당수는 삼성전자 등 대기업 직원, 교수, 의사 등 고소득·고학력자인 것으로 조사됐다. 현직 서울대 교수 B씨는 10억원을 뜯겼다. 경찰에 따르면 B씨는 2019년 11월 서울중앙지검 검사로 둔갑한 보이스피싱 조직원 전화를 받았다. B씨의 은행 계좌가 범죄 조직 자금 세탁 창구로 이용돼 곧 공범으로 곧 구속될 것이란 말을 들었다.      의구심이 든 B씨는 전화를 끊고 112에 신고했다. 하지만 112를 통해 다시 연결된 중앙지검에선 수사 내용이 모두 사실이라고 답했다. 경찰 관계자는 “피해자 휴대전화에 이미 악성 앱이 깔려있어서 B씨가 112에 전화를 걸어도 다시 조직원에게 연결되는 구조였다”며 “검찰 수사관이 ‘통장에 있는 돈이 범행에 이용됐다’고 당황하게 만든 뒤 검사 역할을 한 조직원이 구속영장을 제시하며 다시 피해자를 속였다”고 말했다.      B씨는 “정상 자금인지 확인하겠다”는 가짜 검사 말에 현금 2억원을 은행에서 뽑았다. 이어 가짜 금융감독원 직원이 나타나 “검찰과 합동 수사를 진행 중인데 현금 일련번호를 확인해야 한다”는 말에 속아 돈을 줬다. B씨는 이어 “금융권 내 범죄 조력자를 확인하려면 정상 대출 여부를 점검해야 한다”는 말에 8억원을 대출받아 조직원에게 건넸다. 돈을 전달한 뒤 이들이 연락을 끊자 보이스피싱에 당했다는 걸 깨달았다.     



지난 2월 서울 은평경찰서가 압수한 보이스피싱 범행에 이용된 스마트폰을 공개했다. 이 사진은 기사와 관련이 없음. 서울 은평경찰서 제공           피해자 상당수 대기업 직원·교수·의사      피해자들이 당한 수법은 대체로 B씨와 비슷했다. 1단계는 검찰 수사관을 사칭한 조직원이 범죄 현장에서 대포 통장이 발견됐고, 피해자가 공범으로 연루됐다고 속이는 것이다. 피해자가 “무슨 소리냐”고 따지면, 조직원은 “검사를 바꿔주겠다”며 가짜 검사와 연결했다. 2단계에선 검사를 사칭한 다른 조직원이 “정상 현금인지 일련번호를 확인해야 한다”며 계좌 인출을 유도한다. 3단계에선 검찰과 합동 수사를 진행 중이라는 금융감독원 직원이 현장에 나가 피해자에게 돈을 받아간다. 이들은 현금 외에도 암호 화폐로 받거나, 대출을 유도해 돈을 가로채기도 했다.      경찰 등에 따르면 범죄조직은 피해자들에게 믿음을 주기 위해 법복과 법전, 검사 명패까지 놓인 가짜 검사실에서 영상통화를 하기도 했다. 인공지능 기반 이미지·영상 합성 기술인 ‘딥페이크’를 활용한 신종 사기 수법을 개발해 예행연습까지 한 것으로 드러났다. 경찰관계자는 “애초 피해자가 130여 명(피해금 200억원 대)으로 파악됐으나, 미제사건이 이들 소행으로 밝혀지면서 피해자가 확 늘어났다”며 “중국 현지 정보와 추가 수사를 통해 범죄조직원을 추가 검거했다”고 말했다.   
]"
2023-10-31 16:23:58,“형 저 땡잡았어요!” 택시기사 신고에 보이스피싱범 검거,https://n.news.naver.com/mnews/article/056/0011592826?sid=102,"[














어제(30일) 오후 5시쯤, 112 전화로 신고가 들어옵니다.""형님, 저 택시 하잖아요! 땡잡았어요! 물건 전해드리고 그냥 물건만 가지고 왕복하는 거에요.""경찰은 전화를 건 택시 운전사가 '전화금융사기(보이스피싱)범'을 태웠다는 의도를 알아챘습니다. 이후 경찰은 전화를 끊게 한 뒤 문자로 연락을 이어갔습니다.■ 택시 운전사, 체포하기 쉬운 곳으로 승객 유도택시 운전사는 당시 상황을 ""수원에서 차를 타고 안성에 갔는데, 여성이 '서울 갔다가 다시 수원으로 올 건데 기다려 줄 수 있냐'고 물었다""고 전했습니다.안성에서 잠시 내린 여성의 행동을 관찰하던 운전사는 돈 봉투로 보이는 물건을 전달하는 모습을 포착했습니다.여성을 다시 태운 운전사는 '종로로 가자'는 여성의 말에 ""제가 길을 몰라 오래 걸릴테니, 버스전용 차로가 있는 수원까지만 가서 버스를 타시라""고 권유했습니다. 경찰이 신속하게 검거할 수 있도록 운전사가 익숙한 곳으로 목적지를 유도하는 재치를 발휘한 겁니다.



여성이 보이스피싱 피해자로부터 돈을 건네받는 장면운전사는 운행 도중에도 여성이 동탄, 오산 등으로 목적지를 계속 바꿨다고 말했습니다.운전사는 ""차도 밀리고 힘드니 더는 바꾸지 말고 수원역으로 가자""고 말한 뒤, 상대적으로 교통량이 적고 차선이 하나밖에 없는 수원역 인근 한 패스트푸드점 앞에서 운행을 멈췄습니다.그곳에는 운전사와 문자로 계속 소통하던 경찰이 사복을 입은 채 기다리고 있었고, 여성은 결국 긴급체포 됐습니다.■  '경찰 통화' 알아챌까 봐 친구에게 먼저 전화해택시 운전사가 발휘한 기지는 또 있었습니다.휴대전화 화면이 뒷좌석에서 보이는 점이 걱정돼 경찰이 아닌 지인에게 먼저 ""땡잡았다""며 같은 내용으로 전화를 걸었습니다.운전사는 전화기를 본 손님이 누군가의 이름이 적힌 것을 보고 안심하자, 그제서야 112에 전화를 걸었다고 설명했습니다.경찰 신고 과정에서도 승객이 눈치채지 못하도록 ""우리 형님 오늘 약 좀 올려야겠네"" 같은 추임새를 덧붙였습니다.택시 운전사는 KBS에 익명을 요청하며 ""시민으로서 해야 할 당연한 일을 한 것뿐""이라고 말했습니다.



경찰-택시 운전사 문자 내역■ ""건당 20만 원 알바 광고 보고 범행""...추가 범행 수사 중택시 운전사와의 긴밀한 공조로 40대 여성을 신속하게 붙잡은 수원 서부경찰서는 여성을 사기 방조 혐의로 입건했습니다.여성은 금융기관 직원을 사칭해 저금리로 대출을 갚아주겠다고 피해자를 속인 것으로 조사됐습니다.경찰 조사에서는 ""건당 20만 원을 준다는 고액 아르바이트 광고를 보고 지원을 했다""고 진술한 것으로 전해졌습니다.경찰은 여성이 수거책으로 활동하며 다른 범행도 했는지 수사하는 한편, 현금을 전달받으려 한 보이스피싱 조직에도 수사를 확대할 예정입니다.영상편집: 강동원그래픽: 권세라화면제공: 수원 서부경찰서■ 제보하기▷ 전화 : 02-781-1234, 4444▷ 이메일 : kbs1234@kbs.co.kr▷ 카카오톡 : 'KBS제보' 검색, 채널 추가▷ 네이버, 유튜브에서 KBS뉴스를 구독해주세요!
]"
2023-10-26 18:06:08,"금감원, 노인 대상 불법 유사 수신 보이스피싱 등 피해 예방 홍보 활동 실시",https://n.news.naver.com/mnews/article/022/0003868673?sid=101,"[
			금융감독원은 최근 유사수신·보이스피싱 피해자 중 60세 이상 노인 비중이 높은 점을 감안해 피해예방 홍보 활동을 실시하나고 26일 밝혔다.     금감원에 따르면, 올해 상반기 유사수신 민원 중 60세 이상의 민원이 전체의 36.5%, 지난해 보이스피싱 피해자 중 60대 이상 46.7%을 차지하는 등 노인 대상 불법 금융사기 피해 사례가 지속적으로 발생하고 있다.   



   사진=뉴시스    금감원은 금융사기 피해를 방지하기 위해 유관기관의 협업 등을 통해 ‘어르신 대상 맞춤형 집중 홍보’를 실시하고 있다고 설명했다. 구체적으로 금감원은 금감원은 10월부터 12월까지 경로당, 노인복지관 및 노인들이 많이 찾는 곳이나 노인 대상 행사를 활용하여 동영상 송출, 포스터 부착, 리플렛 배포 등을 진행할 예정이다.     아울러 이날 여의도 한강공원에서 열리는 대한민국 노인 일자리 박람회 행사에 참여해 불법 유사수신 등 피해예방 홍보를 실시하기로 했다.     행사 무대에 설치된 대형 스크린(2개)을 통해 금감원이 자체 제작한 피해예방 동영상(QR참고)을 수시로 송출하고, 행사장 내 홍보 부스를 운영하여 불법 유사수신 및 보이스피싱 피해예방을 위해 금감원이 제작한 리플렛 등을 배포했다. 또 금감원 직원이 피해사례 및 예방법을 안내하고 불법 금융사기 관련 피해상담 및 금융 애로 상담을 적극 실시했다. 
]"
2023-11-06 17:12:13,"서민 울린 보이스피싱에 징역 35년 단죄, 이런 게 민생이다 [사설]",https://n.news.naver.com/mnews/article/009/0005210555?sid=110,"[
			필리핀에 거점을 둔 보이스피싱 조직 국내 총책에게 법원이 1심에서 징역 35년형을 선고했다. 보이스피싱과 관련한 기존 형량(20년)을 훌쩍 뛰어넘는 역대 최장기 징역형이다. 부총책도 27년형이라는 중형을 선고받았다. 이들은 고금리로 고통받는 서민층을 대상으로 '저금리 대환대출' 문자를 보낸 뒤 ""기존 대출보다 싼 이자로 갈아탈 수 있게 도와주겠다""며 돈을 갈취해왔다. 개인당 평균 1000만~2000만원을 뜯긴 피해자들이 무려 560명에 달한 것으로 드러났다. 조직 이름을 '민준파'로 짓고 조직원 60여 명을 영팀, 올드팀, 합작팀 등 7개로 세분해 사기 행각을 벌여왔다고 한다. 1990년대 중반 사회적 물의를 일으켰던 '지존파'나 '막가파'를 연상시키는 충격적인 행태다.이번 범죄에서 드러났듯이 보이스피싱은 경제적으로 어려움을 겪는 약자층을 대상으로 빠르게 확산되고 있다. 최근에는 온라인 구매대행을 빙자한 보이스피싱 사건이 확산되고 있는데, 2030세대들이 특히 많은 피해를 본 것으로 드러났다. 나이·학력 무관, 자유로운 근무시간으로 미끼를 던져 구매대행 직원으로 채용한 뒤 자금을 갈취하는 신종 범죄다. 모바일 환경에 익숙하지 않은 고령층뿐만 아니라 영끌 대출이 많거나 구직활동에 나선 젊은이들도 집중 타깃이 되고 있는 것이다. 금융감독원에 따르면 2030세대의 보이스피싱 피해는 지난해 145억원에서 올해 9월 말 302억원으로 두 배 이상 급증했다. 최근에는 방송에 출연한 현직 검사의 얼굴에 보이스피싱 조직원의 음성을 입힌 딥페이크 수법이나 통신사기피해환급법을 역이용해 소액의 돈을 먼저 입금한 뒤 더 많은 돈을 갈취하는 통장 협박 수법까지 등장했다. 고금리·고물가로 약자층의 생계 고통이 갈수록 커지고 있는데, 서민들을 두 번 울리는 악질 범죄는 엄격한 형벌로 경종을 울려줘야 한다. 민생 대책은 거창한 게 아니다. 서민 등골을 빼먹는 범죄자들을 제대로 잡고 엄격하게 단죄하는 것이야말로 가장 필요한 민생 대책이다. 그런 점에서 법원의 이번 보이스피싱 역대 최고 형량 선고는 의미 있는 판결이다.
]"
2023-11-01 11:46:24,[단독]더 교활해진 ‘피싱’… 서울대 교수도 10억 뜯겼다,https://n.news.naver.com/mnews/article/021/0002602592?sid=102,"[




피해액 최대 ‘보이스 조직’ 검거“당신 정말 구속되고 싶어?” 현직 서울대 교수인 A 씨는 지난 2019년 11월 서울중앙지검 검사로부터 자신의 은행계좌가 범죄 조직의 자금 세탁 창구로 이용돼 공범으로 곧 구속될 것이란 말을 들었다. A 씨는 “정말 검사님이 맞나요?”라며 전화를 끊고 112에 신고했다. 112를 통해 다시 연결된 중앙지검에선 수사 내용이 모두 사실이라고 말했다. A 씨는 “정상 자금인지 확인하겠다”는 ‘가짜’ 검사의 말에 2억 원을 인출했다. 이어 “검찰과 합동 수사를 진행 중인데 현금 일련번호를 확인해야 한다”는 ‘가짜’ 금융감독원 직원에게 속아 돈을 건넸다. A 씨는 이어 “금융권 내 범죄 조력자를 확인하기 위해 정상 대출 여부를 점검해야 한다”는 말에 8억 원의 대출까지 받아 건넸다. 돈 전달 뒤 이들이 연락을 끊자 뒤늦게 사기라는 걸 깨달았다. 충남경찰청 반부패·경제범죄수사대는 최근 5년간 A 씨를 포함해 1891명을 상대로 총 1500억 원 규모의 보이스피싱 범죄를 저지른 ‘기업형 보이스피싱 조직’ 일당을 검거했다고 1일 밝혔다. 단일 조직으로 최대 피해 규모다. 피해자 상당수는 삼성전자 등 대기업 직원, 교수, 의사 등 고소득·고학력자들인 것으로 드러났다.  
]"
2023-10-23 15:36:06,"“새출발 하게 해드릴게요”…보이스피싱 뜯긴 돈, 어디로 갔을까",https://n.news.naver.com/mnews/article/056/0011587241?sid=102,"[
			보이스피싱 조직이 피해자들에게 빼앗은 거액을 해외로 빼돌린 대만 환치기 범죄 조직원 21명이 경찰에 붙잡혔습니다.서울 강북경찰서는 보이스피싱으로 편취한 돈을 가상자산으로 세탁한 뒤 해외로 빼돌린 혐의로 환치기 범죄조직원 21명을 검거하고, 그 중 2명을 구속했습니다.













이들은 지난 7월부터 9월까지 중국 보이스피싱 조직과 결탁해, 범죄피해금액 175억 원 상당을 해외로 빼돌린 혐의를 받습니다.경찰 조사 결과 이들 일당은 이 돈을 여러 차례 '세탁' 했습니다. 먼저 중국 보이스피싱 조직이 피해자들에게 편취한 돈으로 상품권 등을 구매한 뒤 재판매하는 식으로 대금을 세탁합니다. 이 대금은 국내 환전소를 통해 가상자산을 매수하는 데 썼씁니다.그리고 이 가상자산을 다시 해외 거래소에 파는 '환치기'까지 하면 '범죄 수익 세탁'이 완료됐습니다.특히, 이들 일당은 일반 사무실로 꾸며진 무등록 환전소 등을 이용해 범행을 이어온 것으로 알려졌습니다.경찰은 이들 일당을 검거하는 과정에서 범죄수익금 71억 원을 압수하기도 했습니다.경찰 관계자는 ""국제 공조수사 등을 환치기 조직의 대만 총책을 추적하고 검거할 예정""이라며 ""수사를 확대해 이들이 국내에서 운영하는 불법 환전소가 더 있을 것으로 보고 찾아나갈 계획""이라고 밝혔습니다.■ 제보하기▷ 전화 : 02-781-1234, 4444▷ 이메일 : kbs1234@kbs.co.kr▷ 카카오톡 : 'KBS제보' 검색, 채널 추가▷ 네이버, 유튜브에서 KBS뉴스를 구독해주세요!
]"
2023-11-02 14:12:14,[영상] 서울대 교수도 10억 당했다...진화하는 보이스피싱,https://n.news.naver.com/mnews/article/052/0001954824?sid=102,"[
			[영상] 서울대 교수도 10억 당했다…진화하는 보이스피싱※ '당신의 제보가 뉴스가 됩니다'[카카오톡] YTN 검색해 채널 추가[전화] 02-398-8585[메일] social@ytn.co.kr
		]"
2023-11-01 07:34:28,“은밀한 영상 유포하겠다”…AI로 보이스피싱 조직원 검거,https://n.news.naver.com/mnews/article/056/0011593255?sid=102,"[














 [앵커] 전화금융사기, 보이스피싱 범죄는 총책과 수거책 등이 점 조직으로 흩어져 저지르는 만큼 한 명을 붙잡아도 수사를 확대하기 어려운데요. 새로 개발된 AI 기술을 활용해 숨어있던 조직원들을 검거할 길이 열렸습니다. 김성수 기자가 보도합니다. [리포트] 몰래 빼낸 은밀한 영상을 주변 사람에게 보내지 않겠다며 대가를 요구하는 보이스피싱.[보이스피싱 실제 음성 : ""영상 좀 합의 볼까 하고 전화 드렸는데, 합의 의사 없으시면 지금부터 본인 가족이랑 지인분들한테 먼저 보내드릴까 하는데…""] 이런 수법으로 70여 명에게서 6억 원을 뜯어낸 보이스피싱 조직원들이 경찰에 붙잡혔습니다. 전화번호 중계기 단속 과정에서 5명이 검거되며 드러났는데, 보이스피싱에 가담한 조직원은 더 있었습니다. 새로 개발된 AI 모델을 통해 검거된 조직원들의 목소리를 기존 보이스피싱 전화 음성 13,000여 개와 비교 분석해봤더니, 이들이  미제 사건으로 분류돼있던 다른 17개 피싱 범죄와도 연관된 것으로 드러났습니다. 경찰은 분석 결과를 바탕으로 미제 사건 속 보이스피싱 총책 등 혐의자를 특정했고 최근 46명을 추가로 검거했습니다. 또 해외에 흩어져 있는 조직원들을 쫓고 있어 검거 인원은 더  늘어날 것으로 예상됩니다.[이상민/행정안전부 장관 : ""현장에 적용한 이후에 첫 성과란 점에서 의미가 큽니다. 진화하고 있는 음성 범죄 상황에 맞춰 분석 모델을 더욱 고도화해 나가겠습니다.""] 2018년 이후 국내 보이스피싱 피해 금액은 1조 7천여억 원, 피해자는 14만 명을 넘어선 상황. 정부는 AI 분석 모델이 다양한 데이터를 축적해 범죄 해결 능력을 높일 수 있도록 피해를 당했을 경우 빨리 신고해 달라고 밝혔습니다. KBS 뉴스 김성수입니다. 영상편집:이현모/그래픽:박미주■ 제보하기▷ 전화 : 02-781-1234, 4444▷ 이메일 : kbs1234@kbs.co.kr▷ 카카오톡 : 'KBS제보' 검색, 채널 추가▷ 네이버, 유튜브에서 KBS뉴스를 구독해주세요!
]"
2023-11-04 07:03:01,“음성만 들으면 누군지 안다”.. 보이스피싱범 찾아내는 ‘신기술’,https://n.news.naver.com/mnews/article/659/0000016158?sid=102,"[




사진출처 : 클립아트코리아 정부가 세계 최초로 개발한 ‘보이스피싱 음성분석 모델’을 활용해 보이스피싱범을 잇따라 검거하고 있어 향후 관련 수사에 속도가 붙을 전망입니다.행정안전부에 따르면 통합데이터분석센터와 국립과학수사연구소가 올해 초 개발한 '보이스피싱 음성분석 모델'을 활용해 경찰이 3개 보이스피싱 범죄 조직의 총책과 자금관리책 등 총 51명을 검거했습니다.이들은 아파트 등에 콜센터 사무실을 갖추고 개인정보, 대포폰 등을 활용해 '성관련 동영상을 유포한다'는 등의 내용으로 피해자들을 협박해 6억 원을 편취한 것으로 드러났습니다.행안부에 따르면 경기남부경찰청은 보이스피싱 범죄에 사용되는 해외 발신 번호를 '010'으로 시작하는 국내 휴대전화 번호로 바꿔주는 중계기 현장 단속과정에서 지난 5월 최초로 5명을 검거했습니다.이후 경찰은 ‘분석 모델’을 활용해 검거된 피의자의 음성과 피해자들로부터 확보한 범죄자 음성이 동일한지 여부를 1차 판독해 피의자의 추가 여죄를 확인했습니다.또, 피의자 음성과 보유하고 있던 1만3000여 개의 보이스피싱 범죄자 음성을 비교·분석하는데에도 ‘음성분석모델’을 활용했고, 미제사건으로 분류돼 있던 17개 사건과의 연관성을 확인하고 관련 범죄자들을 찾아냈습니다.이후 콜센터 총책과 자금관리책, 상담원 등 3개 조직의 혐의자를 특정해 10월 말까지 직접 가담자 16명과 관련범죄 가담자 등 총 51명을 검거했습니다.혐의가 특정된 피의자들에 대한 추가 검거작업이 진행되고 있어 검거되는 인원은 더 늘어날 것으로 보입니다.행안부와 경찰은 새로 개발된 음성분석모델 사용이 이번 수사는 물론 향후 보이스피싱 수사에 큰 역할을 할 것으로 기대하고 있습니다.
		]"
2023-11-01 14:36:01,지자체 홈페이지까지 점령한 ‘보이스피싱’ 수거책 모집 글,https://n.news.naver.com/mnews/article/081/0003404966?sid=102,"[




한 지방자치단체 홈페이지 게시판에 보이스피싱 업체가 현금 수거책을 모집하기 위해 일반적인 직원 채용으로 위장해 작성한 것으로 의심되는 글이 게시돼있다.A씨는 지난해 자신이 사는 군청 홈페이지의 구인 정보 게시판에서 부동산 현장실사에 나갈 직원을 뽑는다는 글을 보고 지원했다가 전화금융사기(보이스피싱)에 연루돼 재판을 받게 됐다. 채용 담당자는 “불법은 아니고 길거리에서 사진을 찍는 업무라 위험하지 않다”고 그를 안심시켰지만, 월급날이 되자 회사는 연락이 되지 않았다. 게다가 ‘카드사 대행 업무’라며 받아오라던 돈은 보이스피싱 피해자들이 건넨 돈이었다. 수사가 시작되고 이를 알게 된 A씨가 군청에 연락한 뒤 해당 채용 글을 볼 수 없게 됐지만, 다른 여러 지방자치단체의 홈페이지에도 같은 업체가 올린 채용 공고 글이 여전히 남아 있는 상태다.이처럼 최근 채용 플랫폼 뿐만 아니라 지자체 홈페이지 게시판에도 정상적인 채용 공고로 위장해 보이스피싱 현금 수거책을 모집하는 글이 올라오고 있다. 구직자들은 지자체 홈페이지인 만큼 믿을 만한 업체들이 선별됐다고 여기지만 실제로는 사전·사후 관리가 제대로 이뤄지지 않는다는 점을 파고든 셈이다.현금 수거책은 수사기관에 덜미가 잡혔더라도 위장 업체는 또 다른 보이스피싱 현금 수거책을 찾는 경우도 발생한다. 지난 9월 경기도의 여러 시청 자유게시판에는 “주변 시설을 사진이나 동영상으로 찍어 보내는 시장조사 보조업무를 한다”라는 거짓 구인 글이 게시됐다. 이 글이 작성될 때 해당 업체가 고용한 계약직 직원 B씨는 용산경찰서에서 사기 혐의로 수사를 받던 중이었지만 보이스피싱 주범은 버젓이 거짓 구인 공고를 올렸다.해당 업체는 B씨에게 일당 4만원을 주고 부동산 현장 답사를 시키다가 현금 수거나 송금을 지시하는 수법을 썼다. “절세를 위해 다운계약서를 써서 현금을 주고 받아야 한다”거나 “절세 목적으로 상품권 매수를 한다”는 핑계로 B씨를 안심시켰다. 송금 수수료가 과도하게 많다고 여긴 B씨는 업체에 다시 일을 하지 않겠다고 했지만, 경찰의 수사망을 피하지 못했다.강신하 법무법인 상록 변호사는 “보이스피싱 업체의 구인 광고 글을 신고해도 경찰이 조치를 취하지 않기도 한다”면서 “또 다른 피해를 막기 위해서는 단순 수거책만 처벌하기 보다 경찰이 함정 수사 등으로 주범을 검거하는 데 총력을 다해야 한다”고 지적했다.경찰 관계자는 “(총책 등과 관련해) 남은 단서를 추적해도 가명이나 차명을 쓰는 경우가 많아 수사에 어려움이 있다”면서 “대면 면접 등을 보지 않거나 짧은 시간에 고수익을 올리면 보이스피싱일 가능성을 의심해야 한다”고 밝혔다.
		]"
2023-10-31 15:49:16,유령법인 대포통장 넘긴 일당 적발…투자리딩·보이스피싱 이용,https://n.news.naver.com/mnews/article/028/0002662568?sid=102,"[
4년여간 4조6천억 거래내역 오가



유령법인 명의로 수백개의 금융계좌를 만들어 전화금융사기 등 범죄 조직에 넘기고 수수료를 챙겨온 일당이 경찰에 적발됐다. 용인서부경찰서 제공유령법인 명의로 만든 대포통장을 전화금융사기(보이스피싱) 등 범죄 조직에 넘기고 사용료를 챙긴 일당이 적발됐다. 이들이 만든 대포통장에서 4조6000억원 상당의 거래 내역이 확인됐다. 경기 용인서부경찰서는 공전자기록부실기재 등의 혐의로 20대 총책 ㄱ씨 등 10명을 구속하고, 조직원 4명을 불구속 입건해 검찰로 송치했다고 31일 밝혔다. 지역 선·후배 사이인 이들은 2017년 2월부터 최근까지 유령법인 73개를 만든 뒤 법인 명의로 은행 계좌 209개를 만들어 중국 등 국외에 거점을 둔 범죄조직에 넘기고 사용료를 받아 챙긴 혐의를 받는다. 대포통장 1개당 월 100만~350만원을 받은 것으로 조사됐다. 이들이 넘긴 대포통장은 전화금융사기나 투자리딩 사기 등에 쓰인 것으로 드러났다. 4년여 동안 이들의 계좌에 기록된 거래내역만 모두 4조6000억원에 달한다. 경찰은 이들의 주거지와 계좌에 보관 중이던 15억원 상당의 범죄수익금을 압수해 기소 전 추징 보전 조처했다. 경찰은 국외에 거점을 두고 대포통장을 이용해 범행한 조직에 대해서도 인터폴 공조를 통해 계속 추적 중이다. 
]"
2023-10-23 19:15:01,보이스피싱 후 수백억원 현금 세탁한 일당 검거 [사사건건],https://n.news.naver.com/mnews/article/022/0003867476?sid=102,"[
			중국 전화금융사기(보이스피싱)로 범죄수익금 가상화폐로 바꿔 최소 175억원을 해외로 빼돌린 일당이 검거됐다. 경찰은 검거 과정에서 현금 71억원을 압수했다.     서울 강북경찰서는 23일 보이스피싱 조직원 및 환치기 범죄조직원 등 21명을 검거하고 이들을 순차적으로 송치했다고 밝혔다. 송치는 지난 8월부터 지난 16일까지 이뤄졌으며 중국 보이스피싱 조직과 대만 환치기 조직에서 각각 국내 총책 역할을 한 A(45)씨, B(32)씨는 구속송치했다. 이들에게는 외국환거래법 위반 및 사기 혐의가 적용됐다.  



   23일 서울 강북경찰서에서 경찰 관계자가 국제 환치기 범죄조직으로부터 압수한 현금 및 물품을 정리하고 있다. 연합뉴스    경찰 조사 결과 이들은 지난 7∼9월 중국에 근거지를 둔 보이스피싱 조직과 대만 환치기 조직이 국내 수거책과 결탁한 것으로 파악됐다. 이들은 피해금을 여러 번에 걸쳐 세탁해 현금으로 빼돌렸다. 중국 보이스피싱 조직이 피해금을 백화점 상품권으로 구매한 뒤 대만 환치기 조직이 이용하는 국내 무등록 가상자산환전소를 통해 코인을 매수, 해외 가상자산거래소로 매도하는 수법으로 범죄수익금을 보냈다. 검거된 21명 중 환치기 조직원 3명은 대만 국적, 국내 환전소를 운영한 3명은 중국 국적이며 나머지 수거책 등은 모두 국내 국적이다.     이들이 이용한 코인은 ‘테더코인’으로 국내에서 거래되지 않는다. 경찰 관계자는 “테더코인은 가치가 오르내리는 다른 코인과 달리 1코인당 1달러로, 가치가 코인이 만들어진 이래 유지 중”이라며 “갑자기 가치가 변하지 않고 평준화해서 사용하지 않았나 추측한다”고 설명했다.     현재까지 확인된 피해자는 15명이나 범죄수익금 규모를 봤을 때 피해자가 더 있을 것으로 보고 수사를 진행 중이다. 피해자에게는 저금리로 대출해주겠다며 무작위로 전화하거나 문자메시지를 보내는 수법을 쓰거나 수사기관, 금융기관을 사칭해 수사하겠다고 협박했다. 경찰 관계자는 “국내 환전소를 단속하면서 이들이 이용하는 해외 거래소 전자지갑으로 흘러들어간 금액만 175억5000만원”이라며 “환전소 거래내역만 보면 수백억원원이 환치기된 것을 확인했다”고 밝혔다.      경찰은 아직 검거되지 않은 대만 거래소 총책을 국제 공조수사를 통해 추적 중이다. 경찰은 “국내 환전소도 이 대만 환치기 조직의 하청조직으로 본다”며 “국내에 이들이 운영하는 불법 환전소가 더 있을 것으로 보고 수사를 확대할 계획”이라고 밝혔다.
]"
2023-10-28 08:01:01,2030 노리는 ‘그놈 목소리’…1년새 보이스피싱 피해금액 두배↑,https://n.news.naver.com/mnews/article/016/0002216589?sid=101,"[
2022년 2030 보이스피싱 피해 금액 145억원올해 9월, 302억원 돌파



[123RF][헤럴드경제=서정은 기자] 60대 이상 고령층이 취약한 것으로 알려졌던 보이스피싱 피해로부터 2030 젊은 세대도 자유롭지 않은 것으로 파악됐다.민병덕 더불어민주당 국회의원(경기 안양동안갑·정무위원회)이 금융감독원으로부터 제출받은 자료에 따르면 작년 한 해 20대 이하 및 30대의 보이스피싱 피해액은 각각 92억원, 53억원이었다. 그러다 올 들어 젊은 층의 보이스피싱 피해액은 올해 9월까지 확인된 금액만 이미 174억원, 128억원으로 급증했다. 합계액 기준으로 이미 작년의 두 배를 돌파했다는 얘기다.보이스피싱 피해의 안전지대로 여겨졌던 2030세대의 피해가 1년 사이 많이 늘어난 것은 피싱 기술도 인공지능(AI) 기술 발달에 따라 가족이나 지인의 목소리, 얼굴까지 복제해 이용하는 등 급격히 고도화된 탓이다.2030들이 보이스피싱 피해를 받고 있는건 다른 통계에서도 나타나고 있다. 경기남부경찰청 수사과가 올해 4월까지 관할 지역에서 발생한 보이스피싱 사건 1129건을 분석한 결과 수사기관이나 금융기관을 사칭한 경우가 55%를 차지했다. 이같은 기관 사칭형 범죄 중 약 74%가 20대에 집중됐는데, 사회경험이 부족한 젊은층일수록 수사기관 사칭에 압박을 느껴 피해를 입는 경우가 많다는 설명이다.현재 정부는 날로 심각해지는 보이스피싱에 대응하기 위해 지난 9월 국무조정실, 금융위원회, 경찰청, 방송통신위원회, 과학기술정보통신부, 금융감독원 등이 합동으로 '전기통신금융사기 통합신고?대응센터'를 개설했다. 한 번의 신고로 사건처리와 피해구제까지 원스톱으로 처리하는 시스템을 구축하겠다는 취지지만, 사후 처리에 초점이 맞춰진만큼 선제적인 예방에는 한계가 있다는 지적이 나온다.민병덕 국회의원은 “지금은 통화 녹음 30초, 얼굴 영상 30초만 있으면 AI가 특정인의 목소리와 외모를 완전히 복제할 수 있을 정도로 기술이 고도화된 상태”라며 “신속한 사후 처리만큼 중요한 것이 선제적·사전적 보이스피싱 예방인만큼 금융 당국이 정부, 통신사, 금융사, 스마트폰 제조사 등 공공과 민간을 아우르는 종합적 대책을 준비하고 있는지 의문”이라고 꼬집었다.




]"
2023-11-01 07:23:01,전화 속 '그놈 목소리' 1만 3천 개 분석…보이스피싱 일당 붙잡았다,https://n.news.naver.com/mnews/article/057/0001777809?sid=102,"[
			【 앵커멘트 】  보이스피싱 사건은 애써 범인을 잡아도 여죄를 밝히기 까다롭고 조직까지 수사를 확대하기도 쉽지 않은데요.  음성 분석 기술을 활용했더니 이런 보이스피싱 수사의 어려움이 획기적으로 개선될 수 있다는 사실이 확인됐습니다.  김민수 기자가 보도합니다.    【 기자 】  성매매 영상을 유포하겠다며 금품을 요구하는 협박 전화가 걸려옵니다.▶ 인터뷰(☎) : 보이스피싱 사기범- ""사장님 이거 잘 알고 계셔야 되는 게 이런 영상들이 가족들이나 지인들이 보기에 아주 추잡스러운 영상이에요. 아름다운 영상도 아니고 이게 알려지면 사회생활 하기도 힘드실 거예요.""  국립과학수사원은 4년 전 해당 녹음파일을 금융감독원으로부터 받아서 분석을 해놨습니다.  지금까지 분석한 녹음파일은 1만3천여 개.  전화 속 목소리와 검거한 보이스피싱 조직원이 같은 사람인지 확인하는데 6분이면 충분한 수준입니다.  그동안은 동일인이 맞는지 확인하는 작업에만 하루에서 이틀이 걸렸습니다.▶ 스탠딩 : 김민수 / 기자- ""음성파일을 국과수로 보내면 1만 3천여 개의 분석자료를 바탕으로 여죄는 물론이고 조직의 규모까지 파악할 수 있습니다.""  실제로 경기남부경찰청은 음성분석 모델을 통해 지난 5월 조직원 5명을 검거한데 이어 최근 46명을 추가로 검거하는 성과를 올렸습니다.  조직 총책도 잡히고 미제사건까지 해결될 정도로 공범이 줄줄이 엮여나온 결과입니다.▶ 인터뷰 : 박남인 / 국립과학수사원 디지털과 연구사- ""데이터베이스가 쌓이면 쌓일 수록 저희가 분석할 수 있는 단서들이 점점 많아지는 거예요. 그렇기 때문에 국민 여러분들께서 신고를 적극적으로 해주시고….""  행정안전부는 수사기관을 대상으로 보이스피싱 음성 분석모델 실무교육을 연간 두 차례 운영하기로 했습니다.  MBN뉴스 김민수입니다.영상취재 : 이권열 기자  영상편집 : 이주호
]"
2023-11-02 14:43:47,"[더뉴스] ""'검사 딥페이크'까지 연습""...1,500억 가로챈 보이스피싱 적발",https://n.news.naver.com/mnews/article/052/0001954854?sid=102,"[
			■ 진행 : 김영수 앵커, 엄지민 앵커 ■ 출연 : 백기종 전 수서경찰서 강력팀장* 아래 텍스트는 실제 방송 내용과 차이가 있을 수 있으니 보다 정확한 내용은 방송으로 확인하시기 바랍니다. 인용 시 [YTN 더뉴스] 명시해주시기 바랍니다.[앵커] 중국에 근거지를 두고 검사를 사칭, 영상 통화까지 하는 수법으로약 1,900명의 돈을 가로챈 보이스피싱 일당이 경찰에 붙잡혔습니다. 지금까지 피해 규모가 1,500억 원에 달해 단일 조직 보이스피싱 범죄로는 최대 규모입니다. 피해자 중엔 현직 대학교수와 의사를포함한 전문직 종사자도 다수 포함돼 충격을 주고 있는데요. 사건의 전말은 무엇이고, 진화하는 보이스피싱 유형과 대처법은 무엇인지 함께 알아보겠습니다. 백기종 전 수서경찰서 강력팀장과 함께합니다. 어서 오세요. 피해자가 1900명이고 피해 액수 1500억 원에 달합니다. 조직이 지금 70여 명 되는큰 조직이에요.[백기종] 지금 단일 보이스피싱 범죄 조직으로는 경찰에서 최대 피해자 단일 사건으로. 그리고 엄청난 피해액을 수사해서 이걸 밝혀냈고요. 76명 중에 한국인이 44명입니다. 그런데 말씀하셨지만 대학 교수, 삼성전자 직원, 의사 그다음에 공무원, 소위 말하면 객관적으로 보는 고수익자를 중심으로 했다 이렇게 볼 수 있습니다. 그래서 이런 부분 때문에 굉장히 피해액이 늘었는데 문제는 이런 피해를 당하고도 처음에 이게 보이스피싱인지 모르고 계속해서 심지어 공기업 직원 같은 경우는 24억, 18억 전 재산 다 날린 경우도 있었습니다. 그리고 정말 안타까운 건 먼저 말씀을 드릴 건 이 사건으로 인해서 6명 정도가 극단적인 선택 내지는 극단적인 선택을 시도한 이런 아주 악랄한 그런 보이스피싱 범죄를 충남경찰청 반부패금융범죄수사대에서 밝혀냈습니다.[앵커] 이 조직이 중국에 있는 거죠? 중국 어디에 있었어요?[백기종] 중국 내에 있고지금 정확한 지역은 밝혀지지 않았는데 아마 밝히지 않은 건 왜냐하면 나머지 미검자들에 대한 수사를 계속하고 있거든요. 검거를 하기 위한 방편입니다.[앵커] 보이스피싱 일당이 피해자들에게 어떤 식으로 접근을 한 건가요?[백기종] 피해자들은 첫 번째, 검사실이라고 합니다. 그리고 당신의 계좌가 범죄에 이용되고 있다. 그래서 당신 잘못하면 범죄 피의자로 입건되면서 구속될 수 있다. 이렇게 합니다.[앵커] 과거는 어투가 달랐잖아요. 한국 사람이 하면 어투도 똑같잖아요.[백기종] 김영수 앵커께서 말씀하셨지만 예전의 보이스피싱은 어눌한 조선족이고 또 한족 중 한국말을 하는 사람을 이용했거든요. 그런데 지금은 한국인들, 아주 표준말을 쓰거나 경기도  말을 쓰는 이런 사람을 이용하는 거예요. 앵커께서 질문하신 것처럼 그렇게 해서 어떤 형태냐면 화상통화로 유인합니다. 그러기 전에 뭘 하냐면 당신의 계좌를 확인해야 되고 지폐 일련번호를 확인해야 되는데 내가 요구하는 보안앱을 깔아라. 우리가 보통 URL이 오지 않습니까? 소포 주소 변경. 그런데 이걸 의심하지 않고 클릭을 하게 되면 악성앱이 설치되죠. 그렇게 돼서 결국 이런 얘기까지 합니다. 검사 보여주죠. 그다음에 검찰청 깃발도 보여주고 체포영장도 보어줍니다.[앵커] 사무실을 가짜로 꾸며놓고. [백기종] 화상통화로. 그렇게 하고 의심을 하지 않습니까?실제 10억 피해를 본 대학교수가 그렇게 했는데 어떻게 하냐? 당신이 못 믿겠으면 112신고를 해라. 그런데 악성앱이 깔리면서 중계기를 이용해서112로 전화를 하면 경찰서로 가는 게 아니라 그 조직원들 전화로 연결되는 겁니다, 중계기를 이용해서. [앵커] 전화를 끊자마자 범죄조직으로 연결돼서 또다시 언걸해 주면 또 다른 범죄조직으로 또 연결되는 거예요?[백기종] 그러니까 방금 말씀하신 것처럼 그 보이스피싱 범죄조직으로 연계가 되잖아요. 그러니까 내가 112 신고를 했는데 당연히 경찰에서 받는 것으로 생각을 하죠. 그러니까 믿고서 대학교수 같은 경우는 2억을 보냈다가 나머지 8억을 또 그대로 보내는. [앵커] 신분증도 저렇게 위조했나 봐요.[백기종] 신분증뿐만 아니라 깃발 심지어 체포영장까지도 보여주는 이런 치밀한 범죄조직인 거죠. [앵커] 결국에는 악성앱을 깔았기 때문에 112로 연결이 안 된 거잖아요. 악성앱 같은 경우에 따로 앱스토어에서 거르는 장치가 없습니까? [백기종] 전화기마다 다른데 앱스토어를 거르는 장치는 경찰청에서 제작한 시티즌 코난이라는 앱이 있습니다. 그리고 또 하나가 뭐가 있냐면 디바이스 케어라고 이런 거 있고요. 그다음에 V3라고 하는 이런 게 있는데. 이런 부분들이 사전에 깔아놓으면 악성앱을 방지하는 경우가 있기 때문에. 지금 일반 시민들이 가장 접촉하기 좋은 거는 경찰청에서 제작한 시티즌 코난을 깔아주시면 악성코드가 방지되는 경찰청에서 제작한 겁니다.[앵커] 먼저 안전한 거니까 깔아놓으면 보이스피싱 조직이 만든 앱은 안 깔리는 거죠. [백기종] 악성앱이 구별이 돼서 깔리지가 않는 그런 예방효과가 있죠. [앵커] 이 일당이 보니까 2017년부터 2023년 4월까지 사기를 친 거예요. 거의 5년간. 5년 동안 사기를 쳤는데 다 몰랐다는 거예요, 1900명이. [백기종] 지금 사실은 충남경찰청 반범부패범죄수사대에서 사건을 했지 않습니까? 피해자가 계속 늘어나면서 고수익자가 피해자가 계속 발생하니까 2년 전부터 이 사건을 취합하게 됩니다. 그래서 서버가 어디 있느냐? 중국에 있다는 걸 알고요. 그동안 통신수사, 계좌추적, 인출책이나 대포통장 모집책 이런 사람들을 모두 확보합니다, 특정을. 그래서 일거에 전원 검거를 하는 그런 작전을 펼쳐서 이번에 성과를 내게 된 겁니다.[앵커] 그럼 돈이 어떻게 빼돌려졌는지 좀 얘기를 해 주세요.[백기종] 예를 들어서 저쪽에서 가차명계좌, 대포계좌를 알려줍니다. 당신이이 지금 범죄수법에 이용되고 있고 당신이 잘못하면 피의자로 입건될 수 있으니까 그걸 수사기관에서 믿게 하기 위해서 지폐 일련번호 부분도 속았다는 게 참 이해가 안 되는데. [앵커] 일련번호가 지폐에 적혀 있는 그걸 얘기하는 건가요?[백기종] 그러니까 일련번호가 나오지 않습니까? 신고해 봐. 그리고 깃발이나 검찰청, 검사, 법복 그런 거를 보여준단 말이죠. 그쪽에서 요구하는 계좌를 보내면 거기다가 입력을 합니다.[앵커] 한번 보내보는 거죠? [백기종] 예를 들어서 대학교수 같은 경우에는 24억, 18억 같은 경우도 이런 형태거든요. 그렇게 해서 이 돈은 완전하게 당신한테 환급이 된다. 나머지도 확인을 해야 된다. 그렇지 않으면 당신이 불이익을 받을 수 있다고 하니까 나머지도 보낸단 말이죠. 그러고 나서 돈을 어느 정도 뽑았다고 생각하는 거죠. 그러면 끊어버립니다. 그때 사기피해를 당했다는 건 알게 됩니다. [앵커] 돈이 없는 사람한테는 대출을 받으라 그렇게 해서 대출받게 해서 가로챘다면서요? [백기종] 실제로 대출을 받습니다. 왜 그러냐면 만약에 대출을 받지 않는 상황이면 당신의 신용 정도가 의심스럽고 이건 범죄에 활용이 됐을 가능성이 있다, 이렇게 하니까 브레인 역할을 하는 교수나 의사나 공기업 직원이나 삼성전자 직원이나 이런 전문직에 종사하는 사람도 속을 수밖에 없는 거죠. 다시 말씀드리면 가장 속은 건 뭐냐 하면 악성앱이 설치가 되면서 상대방, 보이스피싱 조직원들이 보여주는 검사, 영장, 깃발, 법복 그런 거에 속아넘어갔고두 번째는 뭐냐? 112 신고를 금융감독원에 했는데 그 전화를 보이스피싱 조직이 받아서 맞다, 그 검사 있다, 실제로 수사하고 있다. 이렇게 하니까 속지 않을 사람이 없었던 거죠. [앵커] 시청자분들께서 잘 알아두셔야 될 게 국가기관에서는 검찰이다라는 걸 이런 식으로 보여준다거나 아니면 대출을 받으십시오, 이렇게 요구하지 않죠? [백기종] 정말 좋은 질문을 하셨는데 첫 번째, 공공수사기관에서는 절대로 개인정보를 요구하지 않습니다. 계좌로 현금을 이체하라 이런 얘기 절대 안 하고요. 그다음에 수사하는 장소, 경찰, 검찰, 법원 이런 부분을 절대 보여주지 않습니다. 그래서 이런 거라면 무조건 보이스피싱이다라고 생각을 하고 그냥 끊어버리고 URL을 삭제해버리는 이런 부분이 필요하고 악성앱 코드 같은 경우도 바로 설치한 부분을 삭제해버리면 그 이후에 피해가 중단됩니다.[앵커] 삭제만 하면 괜찮습니까? 악성앱을 깔았을 때 이거 악성앱이다라고 아는 방법이 있나요?[백기종] 구별은 안 됩니다.휴대폰마다 다르긴 하지만 대체로 악성앱이 깔렸다고 해서 통화를 하거나 아니면 URL을 클릭했어도 악성앱이라는 걸 알 수 없습니다. 그런데 이런 부분을 알고 싶으면 인터넷진흥원 이런 데다 문의를 하시거나 아니면 경찰청 사이버수사팀 같은 데다가 알려주시면 그걸 밝혀낼 수 있는 그런 시스템이 있습니다. [앵커] 그런데 이번 범죄조직 잡고 보니까 딥페이크을 이용한 사기도 준비하고 있었다면서요?[백기종] 개발 중이었는데 딥페이크가 우리 김영수 앵커 아시지만 보통 유명인들의 얼굴을 끌어다가 야동이라든가 아니면 나체 영상을 합성해서 유포를 하게 되죠. 그러니까 예를 들어서 언론에 노출된 검사 얼굴에다가 자기네들이 만들어서 실제 검사인 것처럼 목소리도 AI 챗봇 같은 걸로 만들어내는 이걸 개발했던 거예요. 이게 밝혀졌는데 이게 만약에 충남청에서 발견하지 못했다면 1490억, 1500억 상당의 피해보다 훨씬 많은 피해액이 생길 수 있었을 거죠. [앵커] 영상통화를 했는데 딥페이크 영상, 가짜검사인데 실제로 이 검사가 맞나 하고 인터넷에 찾아보면 나온다는 거죠? 똑같이 나오는 거예요?[백기종] 그렇습니다. 그렇기 때문에 피해자는 속을 수밖에 없는 거고 유명한 검사인데 이 검사가 수사를 하고 있다고 하면 나는 정말 꼼짝없이 범죄인으로 전락이 돼서 구속이 될 수도 있겠구나 하는 심리가 있는 거죠. 이런 부분에 공포심을 가지고 계속 보이스피싱 조직에 협조를 하고 돈을 입금하거나 이체하는 형태가 되는 것이죠. [앵커] 그렇군요. 피해액이 상당하잖아요. 최대 규모라면서요. 피해자들이 이 금액을 다시 돌려받을 수 있습니까?[백기종] 만약에 보이스피싱에 사기를 당했다고 하면 재빨리 112나 금감원에다 신고를 하십니다. 그러면 미처 이체하지 못한 것은 동결을 합니다. 그리고 나중에 보이스피싱 사기를 당했다는 증거를 경찰로부터 받아서 제출하게 되면 나머지 동결된 금액은 도로 환급을 받을 수 있고요. 또 하나 덧붙여 말씀드리면 예를 들어서 이번에 조직원들 44명 정도가 체포됐잖아요. 구속이 됐다 그러면 이 사람들이 양형에 있어서 피해자하고 합의를 하는 거하고 안 하는 건 굉장한 차이가 있습니다. 그래서 양형의 감경이나 감면을 받기 위해서는 합의금으로 어느 정도 환급받을 수 있지만. 그러나 예를 들어서 공기업 직원이라든가 자산가가 24억, 18억, 그다음에 서울 대학 교수가 10억 이런 부분의 전체를 환급받거나 변제받을 수 있는 길은 현재로서는 없습니다.[앵커] 범죄수익인데 돌려받을 수가 없어요?[백기종] 그렇죠. 왜냐하면 중국에 이미 입금된 돈은 모두 은닉이 돼버리거나 은폐가 돼 있기 때문에 그걸 추적해서 찾아낸다는 것은 굉장히 어렵습니다. 다만 한국 같으면 찾아낼 수 있습니다, 시간이 걸려도. 그러나 중국 공안하고 중국 수사기관하고 협업을 해서 찾아내는데 그게 현실적으로 어렵다는 거죠. [앵커] 지금 보니까 이번에 피해자들 상당수가 고소득자로 지금 알려지고 있고요. 그 전화번호를 어떻게 확보한 겁니까?[백기종] 전화번호는 예를 들어서 확보하는 걸 보면 개인정보를 해킹합니다. 개인정보 해킹을 해서 전화번호를 알고 그러니까 해킹을 하게 되면 휴대폰 내에 개인정보뿐만 아니라 가족의 갤러리 사진 같은 게 있잖아요. 이런 식으로 이야기를 하니까 정말 수사기관이구나 이런 생각을 하게 되거든요. 그래서 신뢰를 하면서 결국 대화 중에 악성앱을 깔아라, 깔고 그다음에 경찰, 금감원에 확인해 봤는데 이 조직원들이 서버를 이용해서 중국 본토에서 그대로 가로채서 수사기관 맞다라는 걸 인증을 해버리는 거죠. 그러니까 대학교수, 삼성전자, 브레인, 의사 그다음에 공무원, 고위직 전부 다 속을 수밖에 없었던 이런 허점이 있었던 거죠. [앵커] 이게 제일 처음 시작된 것은 해킹입니다. 개인정보가 유출되는 거예요. 그다음에 앱을 까는 거고요. 그다음에 사기를 당하는 건데. 제일 첫 단계, 해킹을 해서 개인정보 빼돌리는 거 여기서부터는 잡아나가야 될 것 같은데요.[백기종] 그래서 그런 것 때문에 해킹범죄 조직은 정말 검거하기가 쉽지 않거든요. 그래서 지금 인터넷진흥원이라든가 금감원이라든가 경찰, 검찰, 사이버수사팀 모두 여기에 대한 수사 진화방법을 강구하고 있는데. 해킹이라는 것은 전국에 우리 국민이 5200만이죠. 그리고 휴대폰 수가 5000만 대가 넘는 걸로 알고 있는데 이런 부분들 전체에 대해서 서치를 할 수 없다는 거죠. [앵커] 범죄수법이 워낙 교묘해져서 개인들도 본인 안전을 챙겨야 될 것 같고 수사당국도 주의를 기울여야 될 것 같은데. 어떤 점들 신경 써야 될까요?[백기종] 앞에 말씀드렸지만 개인은 첫 번째, 절대로 공공기관이나 국가기관에서는 계좌번호, 개인정보, 현금이체를 하거나 이런 걸 요구하지 않습니다. 그리고 소위 랜섬이라든가 URL이 의심스러우면 삭제를 해버리고 마지막으로는 다른 전화기를 이용해서 실제로 그런 경찰서에 검사가 있나 금감원 직원 이름을 대면 그걸 우회해서 다른 전화로 확인해 보는 방법, 그게 가장 피해를 줄이는 방법입니다.[앵커] 해킹 수법이 교묘해지고 있습니다. 계속 해킹 수법이 발달하고 있기 때문에 조심해야 되고요. 112에 신고를 해도 범죄조직으로 연결될 수 있습니다. 앱을 절대로 깔면 안 됩니다. 그리고 국가기관은 절대 돈 이체 요구하지 않으니까 그 점도 꼭 참고하셔야겠습니다. 지금까지 백기종 전 수서경찰서 강력팀장과 함께 얘기나눴습니다.[백기종] 감사합니다.※ '당신의 제보가 뉴스가 됩니다'[카카오톡] YTN 검색해 채널 추가[전화] 02-398-8585[메일] social@ytn.co.kr
		]"
2023-10-25 06:21:03,"""보이스 피싱 휴대폰이 내 번호?""….휴대폰 명의도용 꼼짝마",https://n.news.naver.com/mnews/article/003/0012166895?sid=105,"[
이통3사 앱 '패스', 가입사실조회·가입제한 서비스 제공모바일로 간편 신청 가능해 도용 신고 줄어들 전망



[울산=뉴시스] 지난 2021년 10월 한 보이스피싱 조직이 지적장애인과 노숙자 등의 명의를 빌려 유령법인을 설립한 뒤 개통한 대포폰 약 5000대 중 일부. (사진=울산경찰청 제공) photo@newsis.com *재판매 및 DB 금지[서울=뉴시스]윤정민 기자 = #1. 고가의 사은품을 주겠다는 유혹에 휴대전화 대리점 직원을 만나 인터넷 상품에 가입한 60대 남성 A씨. 그런데 다음 달부터 집 우체통에 A씨가 가입하지 않은 특정 통신사 휴대전화 요금통지서가 날아오기 시작했다. 요금도 무려 30만원. A씨는 잘못 배송된 건가 생각했는데 알고 보니 당시 만난 직원이 실적을 올리고자 A씨 몰래 휴대전화를 개통했던 것으로 나타났다. A씨가 당시 직원이 가입도 대신 편리하게 해주겠다는 말만 믿고 주민등록표 등본 등 가입 필요 서류를 모두 건넨 게 화근이었다.#2. 2달 전 지하철 화장실에서 주민등록증이 있는 지갑을 잃어버린 20대 여성 B씨. ""카드만 분실 신고하면 되겠지""하는 생각에 넘어갔는데 갑자기 문자로 휴대전화 요금이 청구됐다는 사실을 확인했다. 알고 보니 본인도 모르는 사이에 분실된 신분증으로 누군가가 알뜰폰 유심을 개통했던 것. 특히 경찰에 신고하고 난 뒤에야 본인 명의로 단기카드대출(현금서비스)을 받은 것으로 나타나 졸지에 빚도 지는 상황에 놓였다.이러한 수법으로 최근 5년간(2018년~지난해 6월) SK텔레콤, KT, LG유플러스에 이동통신3사에 휴대전화 명의도용으로 접수된 신고 건수는 1만6903건이다. 대포폰 등으로 요금이 부과되는 등 피해자들이 입은 피해액수는 약 54억3000만원에 육박했다. 하지만 피해자를 보호할 수 있는 장치는 한정돼 있었다.정부가 최근 빗발치는 명의도용 문제를 막고자 이통3사가 공동으로 운영하는 민간 인증 앱에 휴대전화 개통 현황을 실시간으로 확인하도록 돕고 필요시 사전에 차단할 수 있는 서비스를 도입했다.휴대폰 불법 개통, 3600만명 이용하는 '패스' 앱으로 막는다]"
2023-10-23 18:46:01,최근 5년간 농협 통한 보이스피싱 2278억 원…환급은 고작 14%만,https://n.news.naver.com/mnews/article/021/0002600766?sid=101,"[




13일 오후 국회에서 열린 농협중앙회, 농협경제지주, 농협금융지주 등에 대한 국회 농림축산식품해양수산위원회의 국정감사에서 정희용 국민의힘 의원이 질의하고 있다. 연합뉴스  대출빙자·피싱사기 반반…피해 건수 경기도·서울·경남 순정희용 의원 “극심한 정신적 피해…보이스피싱 척결 힘써야”최근 5년간 농협을 통한 보이스피싱 피해는 1만5437건, 2278억1200만 원에 달하는 것으로 나타났다. 이 중 피해자의 보이스피싱 범죄 피해 환급액은 약 14%(322억 원)에 그쳤다.23일 국회 농림축산식품해양수산위원회 정희용 국민의힘 의원이 농협은행으로부터 제출받은 최근 6년간 보이스피싱 피해 및 환급 현황’ 자료에 따르면, 피해 신고액은 △2018년 375억4600만 원 △2019년 663억2400만 원 △2020년 331억3500만 원 △2021년 335억3300만 원 △2022년 268억3100만 원 △2023년(8월 기준) 304억4300만원으로 집계됐다.반면 피해자가 보이스피싱 범죄를 인지해 농협에 신고 후 돌려받은 환급액은 △2018년 76억5700만 원 △2019년 115억4000만 원 △2020년 41억9500만 원 △2021년 41억3300만 원 △2022년 29억3300만 원 △2023년 8월 17억4200만 원 등 총 322억원에 불과했다.지역별 보이스피싱 피해 건수는 경기도가 3313건으로 가장 많았다. 이어 서울시 2286건, 경남 1399건, 경북 938건, 부산시 890건, 전북 890건 등이 뒤를 이었다. 유형별 건수는 ‘대출을 빙자한 사기’(50.6%)와 ‘피싱 사기’(49.4%)로 구분됐다. 피해액은 피싱 사기가 1204억400만 원(52.9%)으로 대출빙자 사기액 1074억800만 원보다 소폭 많았다. 지난해 기준 대출빙자 사기 건수 비율은 감소했지만 피싱 사기 건수 비율은 2018년 28.9%에서 86.6%로 늘었다.정 의원은 “피해자에게 물질적 피해에 더해 극심한 정신적 피해를 주는 만큼 유관기관은 보이스피싱 척결을 위한 방안 마련에 더욱 힘써야 할 것”이라고 말했다.
]"
2023-10-23 16:32:01,"中 보이스피싱범, 대만 환치기 조직과 결탁 175억 빼돌려",https://n.news.naver.com/mnews/article/009/0005203502?sid=102,"[
상품권 구매·재판매로 1차 세탁한 뒤코인 매수하고 해외서 매도하는 수법압수수색 중 무등록환전소서 71억 압수



 종로에 위치한 무등록 환전소를 압수수색하는 과정에서 압수한 현금 71억원. [사진 제공=서울강북경찰서]보이스피싱으로 175억원을 편취한 뒤 자금 세탁 후 해외로 빼돌린 국제 환치기 조직이 경찰에 검거됐다. 이들은 중국에서 활동하는 보이스피싱 조직과 결탁해 175억원을 해외로 빼돌린 혐의를 받는다.23일 서울 강북경찰서는 범죄에 가담한 중국 보이스피싱 조직원과 대만 마피아 환치기 조직원 21명을 검거하고 2명을 구속했다고 밝혔다. 이들은 사기 및 외국환거래법 위반으로 검찰에 송치됐다. 종로에 위치한 무등록 환전소를 압수수색하는 과정에서 현금 71억원도 즉각 압수됐다.중국에서 활동하는 보이스피싱 조직은 보이스피싱을 통해 국내에서 돈을 편취한 뒤 상품권을 구매한 후 재판매하는 식으로 1차 자금 세탁을 했다. 이후 대만을 거점으로 둔 환치기 조직은 국내 환전소를 통해 가상자산인 테더코인을 매수해 해외 가상자산거래소에서 매도하는 환치기 수법으로 수익금을 해외로 빼돌렸다. 지금까지 확인된 조직의 부당 수익금만 175억 5000만원에 달한다.이들은 지난 7월부터 9월까지 결탁해 범죄를 저지른 것으로 조사됐다. 김재진 강북경찰서 지능범죄수사팀장은 “테더코인은 다른 코인과 달리 1코인당 1달러가 유지돼 안정적이기 때문에 테더코인으로 바꿔치기한 것으로 생각된다”고 설명했다.경찰은 이들이 같은 수법으로 세탁하거나 해외로 빼돌린 범죄 수익이 수백억 원에 이를 것으로 보고 있다.일당은 수사기관의 추적을 피하기 위해 일반 사무실로 꾸며진 종로에 위치한 무등록 환전소를 통해 은밀히 범행을 이어온 것으로 드러났다.김 팀장은 “이번에 검거하지 못한 대만 총책은 국제 공조수사를 통해 추적‧검거할 예정이다”라며 “그밖에 이들이 운영하는 불법 환전소가 더 있을 것으로 보고 수사를 확대할 계획”이라고 전했다.
]"
2023-10-26 09:05:01,"NH저축은행, 보이스피싱 피해예방 캠페인 실시",https://n.news.naver.com/mnews/article/119/0002762226?sid=101,"[
본점영업부 내방고객 대상 현수막 홍보



NH저축은행 임직원들이 서울 강남구 역삼동 소재 본점영업부에서 보이스피싱 피해 예방 캠페인 기념촬영을 하고 있다. ⓒ NH저축은행[데일리안 = 이호연 기자] NH저축은행은 지난 25일 서울 강남구 역삼동 소재 본점영업부에서 금융사기 피해예방을 위해 보이스피싱 피해 예방 캠페인을 펼쳤다고 밝혔다.NH저축은행은 내방 고객들이 많이 볼 수 있도록 ‘의심하고! 전화끊고! 확인하고! 물어보고!’ 라는 문구가 적힌 보이스피싱 피해 예방 캠페인 현수막을 들고 홍보했다.배종찬 소비자보호실 CCO는 ""이번 캠페인은 해마다 고도화되고 있는 보이스피싱 등 금융사기에 대한 경각심을 높이고자 기획했다""며 ""NH저축은행은 앞으로도 최우선가치인 고객 보호를 위한 활동을 펼쳐 날로 교묘해지는 금융사기를 사전에 예방하고, 금융교육을 비롯한 지역사회 공헌 및 사회적 책임 실천을 통해 금융소비자보호에 더욱 앞장설 것""이라고 말했다.한편 NH저축은행은 공식 블로그와 페이스북, 유튜브 등 SNS채널을 통해 금융상식 및 보이스피싱 금융사기 대응 예방법 등 금융소비자보호를 선도하기 위한 체계적인 활동을 지속적으로 전개하고 있다.
		]"
2023-10-31 07:38:58,"""엄마, 나 핸드폰 고장""…메신저피싱 범행 17살 '철창행'",https://n.news.naver.com/mnews/article/008/0004955475?sid=102,"[




/사진=이지혜 디자인기자전화금융사기(보이스피싱) 조직원으로 활동하다 붙잡힌 17세 청소년이 다시 범행을 이어가다 실형을 선고받았다.31일 뉴스1에 따르면 광주지법 형사4단독(부장판사 이광헌)은 전기통신사업법 위반과 교통사고처리 특례법 위반(치상), 도로교통법 위반(음주운전) 등 혐의로 기소된 A군(17)에게 단기 1년6개월에 장기 2년의 실형과 벌금 30만원을 선고했다고 이날 밝혔다.A군은 지난해 4월부터 7월말까지 전화금융사기 조직원으로 활동한 혐의 등으로 재판에 넘겨졌다. 조직 내에서 A군이 맡은 역할은 '중계소 관리책'이었다. 중계소는 국제전화나 인터넷 전화 등 발신 번호가 뜨면 피해자들이 전화를 받지 않는다는 점을 노려, 중국 등 해외에서 문자메시지를 전송하면 이를 국내 내선 번호로 바꾸는 전화금융사기 수법이다.A군은 광주 북구에서 휴대전화 단말기 30대와 유심칩을 무더기로 관리, 해외 발신 문자메시지가 국내에서 전송된 것처럼 조작하는 범행에 가담했다. 중계기를 통해 발신된 문자 메시지는 '엄마. 나 핸드폰 고장 나서 수리를 맡겼다. 임시번호로 문자하고 있는데 보면 바로 답장 좀 달라'는 내용인 것으로 전해졌다.이들 조직은 피해자에게 문자메시지로 접근한 뒤 아들과 딸 등 가족을 사칭해 범행을 저질렀다.A군은 지난해 5월 말 해당 범죄로 수사기관에 적발됐다. 경찰 조사를 받은 A군은 불과 1개월여 만인 같은 해 7월쯤 다시 범행을 이어갔다가 또 경찰에 검거됐다.그는 두 번째 수사를 마친 지난 3월 20일쯤 무면허로 원동기장치자전거를 운전하다 정지신호를 위반하고, 40대 남성이 탑승한 차량을 들이받는 사고를 낸 혐의로도 기소됐다.재판부는 ""피고인은 메신저피싱 조직원들의 조직적인 역할 분담 아래 고도의 지능적인 수법으로 계획적인 금융사기 범죄를 일으켜 그 사안이 상당히 중하고, 범죄 가담 정도가 결코 가볍다고 볼 수 없다""고 강조했다.이어 ""수사기관 적발 후에도 재범하고 무면허 신호위반 교통사고를 일으키는 등 죄질이 매우 불량하다. 앞서 여러 범죄로 소년보호사건 송치된 전력이 있는 점, 미성년자인 점 등을 종합적으로 고려해 형을 정한다""고 판시했다.
]"
2023-10-22 14:28:01,"“보이스피싱인 줄 몰라” 변명 안통했다, 1억 뜯은 현금 수거책 법정구속",https://n.news.naver.com/mnews/article/023/0003794703?sid=102,"[
법원, 징역 1년6개월 선고							보이스피싱 조직의 현금 수거책으로 활동하며 2명의 피해자로부터 1억원의 돈을 속여 뺏은 40대 남성이 법정 구속됐다. 이 남성은 “보이스피싱인 줄 몰랐다”며 범행을 부인했으나, 법원은 이를 받아들이지 않았다.



춘천지법 원주지원./뉴스1										춘천지법 원주지원 형사2단독 박현진 부장판사는 사기 등 혐의로 기소된 A(43)씨에게 징역 1년 6개월을 선고하고 법정 구속했다고 22일 밝혔다.A씨는 지난해 9월 28일 금융기관 직원인 것처럼 행세하면서 ‘저금리로 큰 금액을 대출해 주겠다”고 대구에 사는 B씨를 속여 5800여만원을 받아 편취한 혐의를 받고 있다. A씨는 또 지난해 10월에도 같은 방법으로 강원 횡성군에 사는 C씨를 속여 4200만원을 받아챙기기도 했다.A씨는 재판 과정에서 보이스피싱 조직과의 공모 사실을 전면 부인했으나, 재판부는 스마트폰 메신저를 통해 업무 지시를 받은 점 등을 토대로 A씨가 스스로 보이스피싱 범행에 가담한 것으로 판단했다.박 부장판사는 “피해자들에 대한 아무런 피해회복이 이뤄지지 않았다”면서 “동종 처벌 전력이 없었던 점 등을 양형에 참작했다”고 밝혔다.
]"
2023-11-02 15:46:10,[뉴스외전 이슈+] 서울대 교수도 넘어간 '가짜 검사 영상'‥교묘해지는 보이스피싱 예방책은?,https://n.news.naver.com/mnews/article/214/0001309365?sid=102,"[














[뉴스외전]◀ 앵커 ▶화제가 되는 이슈들 짚어보겠습니다. 김성훈 변호사 나오셨습니다. 어서 오십시오.◀ 김성훈 변호사 ▶안녕하세요?◀ 앵커 ▶변호사님, 김포시 서울 편입 이야기부터 해보겠습니다. 이 주제가 불거진 배경 그리고 지향점에 대해서는 워낙 정치적인 시각과 해석이 엇갈리는 부분이니까 이 코너에서는 법적인 절차 부분을 좀 떼서 여쭙겠습니다. 김포시가 서울에 편입된다는 거, 이제 수도권 행정구역이 개편되는 거고 그러려면 관련법 제정이 필요한 것이지 않습니까? 국민의힘은 특별법을 발의해서 의원 입법으로 추진하겠다라고 했습니다. 먼저 그럼 특별법을 발의한다는 게 어떤 의미입니까?◀ 김성훈 변호사 ▶기본적으로 우리가 가지고 있는 법 체계는 헌법이 있고요. 그 헌법 안에 또 국민들의 대표들이 만드는 입법하는 대표들이 있습니다. 지자체에서 만든 조례 등이 있죠. 그런데 지자체 차원에서 아마 이 부분에 대해서 의문 가시는 분들은 이런 게 있을 겁니다. 지자체 차원에서 의사 결정을 해야 하는 게 아닌가 첫 번째 의문이 있을 거고요. 두 번째는 그런데 지자체가 두 지자체의 경계 혹은 두 지자체 중에서 어딘가 광역지자체로 합쳐지는지에 대한 문제는 의견이 다를 경우에 어떻게 할 것인가. 이런 의문들이 있을 수 있겠죠. 그래서 전국적으로는 각각의 지자체가 개별적으로 결정하게 된다면 다툼이 벌어지는 거기 때문에 행정구역에 관해서는 기본적으로 입법, 법률을 통해서 규정할 수 있습니다. 다만 이제 이 부분과 관련해서는 이걸 넘어서 헌법까지 바꿔야 하는가. 이런 이슈들이 있었고요. 행정구역을 바꾸는 건 아니지만 수도 이전에 관해서는 관습법이 있다고 해서 개헌이 필요하다고 했던 헌법재판소 판결도 있었죠.◀ 앵커 ▶그래서 못 했죠.◀ 김성훈 변호사 ▶그렇죠. 그거랑은 별개로 행정구역 간의 구역을 정하는 부분에 있어서는 입법, 법률로서 규정되고 관련된 부분들을 정할 수는 있습니다. ◀ 앵커 ▶그래서 지금 말하고 있는 의원 입법, 정부 입법 안 하고 의원 입법한다, 이거는 무슨 차이가 있습니까?◀ 김성훈 변호사 ▶보통 우리가 법률안을 보면 어떤 법률이든간에 국회에서 국회의원이 본회의에 통과를 해야만 법률이 될 수 있습니다.◀ 앵커 ▶그렇죠.◀ 김성훈 변호사 ▶그런데 이제 이런 입법안을 발의하는 주체는 보통 의원들이 있지만 정부가 발의하는 경우도 굉장히 많습니다. 그래서 각 부처에서 발의를 하는 것이죠. 이런 경우에는 소위 말하는 정부 입장에서는 공공의 전체적인 입장을 취합해가지고 정리해서 관련한 법을 발의하게 되는데 아까 말씀드렸듯이 기본적으로 이 이슈는 굉장히 정치적인 이슈들도 있기 때문에 정부 차원에서 특정 지역을 특정지역에 편입하는 것을 발의하는 것은 좀 한계와 어려움이 있을 수 있고요. 또 구체적인 실무적 절차에 있어서도 정부 차원에서 입법을 발의하는 경우에는 법제처의 심사 등을 내부적으로 거치는 과정들이 조금 더 기간들이 소요되는 부분도 있습니다. 그래서 기본적으로는 향후에 국회의원들의 동의를 거쳐서 국회의 표결을 통해서 법률이 되는 것은 똑같지만 그 입법안을 만들고 발의하는 절차와 내용에 있어서 출발선에 있어서 조금은 차이가 있는 부분들이 있기 때문에 이 부분은 신속하게 빠르게 진행하기 위해서다, 이런 목적이 있다는 것을 볼 수 있습니다. ◀ 앵커 ▶입법 절차 속도가 다른 거네요.◀ 김성훈 변호사 ▶그렇습니다. ◀ 앵커 ▶그래서 의원 입법이 더 빠르다는 건데.◀ 김성훈 변호사 ▶맞습니다. 가령 정부안 같은 경우에는 정부 차원에서 왜 가령 김포시를 서울에 편입하려고 하는지 이런 부분에 대한 의견 수렴이라든지 이런 부분이 결정이 돼야하는 거거든요. 그런데 사실은 각각의 의원들은 별개로 이 부분들은 결정을 해서 발의할 수 있지만 정부 차원에서 이걸 결정해서 추진한다는 것은 사실상 정부의 정책 영역이 되는 부분이기 때문에 어떻게 보면 그것을 정책을 수립하고 입법화하고 법률안을 만들고 통과하는 모든 과정들이 상당히 시간이 걸릴 수 있습니다. ◀ 앵커 ▶그러면 과거 사례를 좀 볼까요? 김포 계양면과 검단면이 인천으로 편입이 됐었고요. 서울 강서구와 양천구 일부도 김포에서 분리가 됐었는데 그 당시에는 어떤 법적인 절차가 있었습니까? ◀ 김성훈 변호사 ▶마찬가지로 이렇게 하는 경우에도 각각의 행정구역을 통폐합하거나 아니면 특정한 지자체를 특별자치도로 바꾸거나 이럴때마다 새로운 법률안들이 발의되는 과정이 있었습니다. 다만 한 가지 차이점이 있다면 이런 논의와 내용에 대해서 주민들의 의견 수렴안은어떤 시간과 절차가 상당히 진행이 됐던 것도 있죠. 가령 우리가 보는 일부 지방 도시들 같은 경우에는 과거에 해당하는 도시와 지금은 면적이 아주 다른 경우가 있습니다. 대표적인 주변의 시군구를 통폐합하는 이런 부분들이 있었던 거죠. 보통은 이런 것들이 개별적인 지자체와 지자체 간의 구획과 관련된 문제로만 논의됐던 부분은 상대적으로 그렇게 많지 않은 것 같고요. 오히려 전체적인 국토의 이용 및 계획에 관한 방향성의 바탕으로 했을 때 과연 시군구를 시에 통폐합을 한다든지 이런 하나의 방향성들이 수립이 되고 과정의 절차적 실행 과정으로서 이루어졌던 게 더 일반적이었던 것 같습니다. 그런 의미에서 이번에 김포시만 서울시에 편입하는 것에 대한 쟁점인지 아니면 이것이 소위 말하는 메가시티 서울이라는 서울 자체에 대한 개념과 권역을 달리하는 것인지. 만약에 그런 것이 추진된다면 이것이 정무적인 부분이 아니라 정책적인 부분에 있어서 어떤 검토들이 있는지 그리고 아무리 입법으로 정할 수 있다고 하더라도 각각의 대상이 되는 두 지자체의 주민들의 의견들은 어떻게 수렴하고 하는 것이 정당하고 적법한 절차인지, 적당한 절차인지에 대한 논의들 또한 같이 이루어질 필요가 있습니다.◀ 앵커 ▶그러면 지금 경기도 김포시인데 이 경기도 김포시가 서울시 김포구가 되기까지는 앞으로 그럼 어떤 절차가 구체적으로 있어야 합니까?◀ 김성훈 변호사 ▶일단 그 결정의 가장 핵심은 그러한 법률안이 통과되는 겁니다. 즉 그러한 의원 입법안이 발의되고 그 의원 입법안에 대한 심사를 거쳐서 의원 입법안이 본회의에 상정이 되고 본회의 표결로써 통과되면 해당하는 법률이 제정되는 거죠. 그 법률안이 공포가 되면 바로 그 법에 따라서 이제 일단은 서울시로의 편입이라는 법률적인 절차들은 일단은 진행됐다, 이렇게 볼 수 있고요. 다만 구체적인 실무적인 것이 필요하겠죠. 기본적으로 지금 있는 김포시라는 어떤 명칭이라든지 여러 직이라든지 이런 것들이 변경될 필요가 있을 겁니다. 그러면 후속 절차들은 그 이후에도 이루어질 것이다. 이렇게 볼 수 있습니다. ◀ 앵커 ▶만약에 그러면 거론되고 있는 서울 인접한 경기도 다른 지역들까지도 서울 편입을 고려하겠다. 지금 이게 국민의힘 입장인데 그렇다면 지금 김포시처럼 모든 시에 대해서 건건이 다 이런 과정을 밟아야 하는 겁니까?◀ 김성훈 변호사 ▶사실 그것이 만약에 한 번에 합의가 된다면 하나의 법률로서 다뤄질 수 있기도 합니다. 그런데 사실 그 과정들이 어떻게 한 번에 이루어질지는 저로서도 저렇게 모르겠습니다만 기본적으로는 개별적인 시마다 별개의 독립적 법률로 해야 한다. 이렇게 볼 필요는 없습니다. 어쨌든 중요한 것은 국민의 대표자인 의회의 법률로서 제정 돼서 그것이 정리돼야 한다고 보기 때문에 하나의 법률, 예를 들어서 서울시, 김포시 서울시 편입에 관한 특별법. 이런 거라고 하면 하남시나 성남시는 별도로 해야겠죠. 만약에 그것이 아니라 서울 행정 구역 확대 및 각 지자체의 서울 편입에 관한 특별법해서. ◀ 앵커 ▶이런 식으로. ◀ 김성훈 변호사 ▶내용이 된다면 그렇다면 하나의 법률이 될 수도 있을 겁니다.◀ 앵커 ▶아까 말씀하신 그 절차와 관련해서 의원들이 법률안을 내고 본회의를 통과시키고 법률이 제정, 공포되고 이게 사실은 그러면 국회의원들이 다 동의를 해야 한다는 이야기인데 그럼 국회의원들이 동의를 하기까지 이 법안들이 논의가 돼서 본회의에 올라오기까지 빠르면 얼마나 어떻게도 할 수 있는 걸까요? ◀ 김성훈 변호사 ▶보통은 90일 정도는 최소한 걸린다고 보고요. 패스트트랙이라고 하죠. 소위 말해서 양당의 아무런 이견이 없다. 국회의원의 이견이 없다고 하면 바로 빠르게 진행될 수 있지만 가장 기본적으로는 보통은 이견이 있는 경우들에 관련한 심사들을 거치게 되고요. 보통은 해당 상임위원회, 상임위원회에서 관련된 부분들을 먼저 확인하고 상임위의 소위에서 먼저 이걸 검토를 합니다. 그다음에 소위가 통과되면 법사위로 가고요. 법사위에서 적법 심사 등을 거친 다음에 본회의 상정되는 구조로 가는데 여기에서 서로 간에 갈등이 있어서 이렇게 부딪히는 경우에는 소위 말하는 패스트트랙 안건을 지정을 신청해서 관련해서 빠르게 선고할 수는 있습니다. 이 과정들을 상당 부분 생략하고요. 그런데 결국은 이 안건의 속도는 이제 이 안건에 대한 결국 지금 과반 의석이 야당이 가지고 있으니까 민주당의 입장이 어떻게될 것인지에 따라서 크게 달라질 것으로 보입니다.◀ 앵커 ▶알겠습니다. 이제 총선이 임박해서 이 이슈와 총선과 어떻게 연결시켜서 어떻게 생각하는지 그부분이 궁금해서 여쭸고요. 다음 주제 넘어가겠습니다. 1400억 원대 보이스피싱 피해액이 역대 최고고요. 피해자 중에는 서울대 교수, 대기업 직원공무원들까지 다 있는 것으로 파악됐는데 이번에 범행 수법은 어떤 특정이 있었길래 이렇습니까? ◀ 김성훈 변호사 ▶이번에 피해자가 1900명에 달한다고 합니다. 그리고 너무 안타까운 일이지만 극단적 선택을 시도하신 분이 여섯 분이나 된다는 이야기가 있고요. 내용을 보면 굉장히 안 속기 어렵겠다는식으로 굉장히 조직적인 범죄를 저질렀습니다. 이번에 검거된 한국 해당되는 조직의 조직원들만 44명이나 됩니다. 그래서 영상 통화 등을 이용해서 검사실 사진이나 법복 등을 보여주면서 검사복 등을 보여주면서 관련한 자료들을 요청했고 심지어는 악성 애플리케이션을 까는것 까지도 같이 해서요. 악성 앱이 설치되었기 때문에 112로 전화를해도 112로 가지 않고 해당하는 범죄자들로 중계기로 연결이 돼서 방금 내가 여기서 이런 전화를 받았는데 이게 이상한 거 아닙니까? 그 검사님 실제로 있습니다라는 이야기가있고요. 일부 내용에 따르면 딥페이크 영상기술까지 활용을 했다고 합니다. 실제로 존재하는 검사의 얼굴, 사진과 영상을 활용해서 그 검사인 것처럼 또 하는 부분도 활용됐다는 내용도 나와 있습니다. ◀ 앵커 ▶매우 치밀하군요. ◀ 김성훈 변호사 ▶그래서 결론적으로는 처음에 그걸 받고 이건 보이스피싱이 아닌가라고 했지만 112에 전화해 보니까 그 사람, 그런 검사님이 있고 실제 그런 수사가 진행중이라고 하고 찾아 보니까 이런 검사가 실제로 있고 실제로 그 검사 얼굴도 나오는거 같고 이런 부분들이 있어서 실은 많은분이 피해를 봤고 어떤 분들 중에서는 20억이 넘는 손해를 본 분도 있다, 이렇게 이야기가 나오고 있습니다.◀ 앵커 ▶그러니까요. 그런데 이 범행 수법 중에 굉장히 눈길이 갔던 게 영상 통화를 했단 말입니다. 가짜로 꾸민 검사실에서 피해자와 영상통화를 해서 그걸 직접 국가 기관인 것처럼 속였다는 건데 사실 그런데 국가기관에서 영상통화로 사무실 보여주면서 통화하는 사례는 없지 않습니까?◀ 김성훈 변호사 ▶아예 없다고 보면 됩니다. 물론 특히 수사 기관에서는 아예 없다고 보는 게 맞고요. 물론 정말 국가 기관과 어떤 업무들을 하면서 화상회의를 하는 경우는 있지만 그거랑은 다르게 수사를 하면서 영상통화를 하고 이런 게 없고 결국은 가장 핵심은요. 정보나 돈을 요구하는 경우가 있는데 정보나 돈을 국가 기관이 바로 전화하든 영상통화든 어떤 방식으로라도 구체적인 절차 없이 그런 식으로 요구하는 경우는 100% 사기입니다. 그런 경우는 아예 없다고 보면 됩니다. 정말로 없다는 걸 확인을 해야 하고요. 그런데 그런데도 불구하고 왜 그렇게 되는가 결국은 보통 정상적인 경우에 그런 연락들이 오면 이상한데, 네 알아보고 연락할게요라고 하겠죠. ◀ 앵커 ▶했는데 알아보고 전화하겠다고 했을 때는 이미 내 전화기에.◀ 김성훈 변호사 ▶맞습니다.◀ 앵커 ▶악성코드가 깔려서. 전화기가 제대로 작동을 안 한다는 거잖아요.◀ 김성훈 변호사 ▶그렇습니다. 그런데 아까 112 같은 경우에는 그렇게 만들어져 있다고 하는데 그 외에도 좀 더 확인해 볼 필요가 있습니다. 어떤 경우든 간에 실제로 정말 검찰이나 이런 데서 필요해서 자료를 요청한다고 하더라도 오늘 자료를 안 주면 불이익에 처한다. 이런 거는 없습니다. 적어도 어느 정도는 소위 말하면 시간을 가지고 알아보고 확인하면 반드시 피할 수 있거든요. 그런데 계속 이런 방식으로 진화하고 있는 거죠. 이 사기꾼들도요. 그런데 이런 부분에 대해서 돈이나 정보를 요구할 때마다 저는 솔직히 속지 말라는 말은 함부로 못 한다고 생각합니다.◀ 앵커 ▶그렇죠.◀ 김성훈 변호사 ▶사실은 말 그대로 뭐에 홀린 것처럼속으니까요. 단 한 가지 기다리라. 적어도 하루 정도 한나절 정도의 시간을 두고 살펴보면 절대 속지는 않습니다. 그런데 무언가 급하게 뭘 하려고 하면 당연히 거기에서 문제가 생기는 거죠.◀ 앵커 ▶그러니까 꼭 기억해야 하는 건 국가기관에서는 통신상으로 금전 거래. 절대로 요청하지 않는다. 그리고 내가 미심적으면 아무리 거기에서 급하다고 재촉을 해도 한 템포 쉬고 내일 해도 늦지 않다. 그 두 가지만 기억하시면 될까요?◀ 김성훈 변호사 ▶맞습니다. 오늘 당장 지금 당장 이런 건 없습니다.◀ 앵커 ▶알겠습니다. 마지막 주제 좀 짧게 다루겠습니다. 육아휴직 의무와 방안, 자동 육아휴직제가 논의가 되고 있다고 하는데 구체적으로 어떤 내용이죠?◀ 김성훈 변호사 ▶지금 출산 휴가를 갔다 와서 육아 휴직을 신청을 하지 않더라도 자동으로 육아휴직이 나오도록 하는 바로 그런 제도입니다. 지금 법령상으로는 육아 휴직을 신청하면 사업주는 여기에 대해서 거절하지 못한다는 법률적 의무는 있지만 어쨌든 간에 육아휴직을 신청을 해야만 하는 거기 때문에 실제로 눈치가 보여서 제대로 신청하지 못하는 경우가 많기 때문에 아예 자동으로 하고 오히려 육아 휴직을 안 해야 할 특별한 사유가 있는 경우에만 본인이 특별히 신청하는 경우 그런 경우에만 육아휴직을 안 함으로서 해서 육아 휴직을 높이자는 그런 취지에서 이런 제도를 추진하겠다. 이런 보도가 나왔습니다.◀ 앵커 ▶그래서 육아 휴직 급여도 상한선으로 올리는 방안이 검토가 되고 있다고 하는데 이 논의에 대한 비판적인 시각들도 짚어보면 지금도 말씀하신 것처럼 육아휴직 사업주가 의무적으로 승인을 하게 되어 있는데 사실 여건상 현실적으로 안되는 경우들이 종종 있고 그리고 실제 육아휴직 급여를 올리게 되면 이 부담을 또 어떻게 나눌 것인가. 사업주와 국가가 어떻게 나눌 것인가. 이 부분도 있고 그리고 그것보다 더 근본적으로는 이게 저출산 대책의 일환으로 논의가 된 안인데 정부가 사실은 너무 좁은 시야로 정책을 접근하는 거 아닌가. 이런 목소리가 있습니다.◀ 김성훈 변호사 ▶그렇습니다. 육아와 관련해서 조금 더 관련해서 어떤제도를 개선하는 건 당연히 좋지만요. 말씀하신 것처럼 결국은 모든 제도에는 거기에 대한 코스트가 들어갑니다. 그러면 비용을 어떻게 마련하고 어떻게 분담할지에 대한 이야기가 없다면 사실은 그 부분에 대해서는 실효성이 있는 부분이 못 되겠죠. 그리고 또 실제로 저출산과 관련한 대책에서 여러 가지가 있는 게 결혼한 부부들이 자녀들이 왜 많이 안 낳느냐는 이야기가 있지만 실제로 통계를 보면 결혼한 부부가 자녀를 많이 안 낳는 이슈가 아닙니다. 결혼 자체를 안 하는 거죠. 이런 부분에 대한 것들까지 가치 검토는 필요하지 않을까. 특히나 제헌에 대한 부분은 반드시 만들어야 하는 부분이 아닌가 하는 생각이 듭니다.◀ 앵커 ▶알겠습니다. 오늘은 여기까지 하죠. 고맙습니다.기사 본문의 인터뷰 내용을 인용할 경우, [MBC 뉴스외전]과의 인터뷰라고 밝혀주시기 바랍니다.MBC 뉴스는 24시간 여러분의 제보를 기다립니다. ▷ 전화 02-784-4000▷ 이메일 mbcjebo@mbc.co.kr▷ 카카오톡 @mbc제보
]"
